contig_id	cds_id	start	end	strand	phrog	function	product	annotation_method	transl_table	bitscore	fident	evalue	qStart	qEnd	qLen	tStart	tEnd	tLen	annotation_source	tophit_protein	function_with_highest_bitscore_proportion	top_bitscore_proportion_not_unknown	head_and_packaging_bitscore_proportion	integration_and_excision_bitscore_proportion	tail_bitscore_proportion	moron_auxiliary_metabolic_gene_and_host_takeover_bitscore_proportion	DNA_RNA_and_nucleotide_metabolism_bitscore_proportion	connector_bitscore_proportion	transcription_regulation_bitscore_proportion	lysis_bitscore_proportion	other_bitscore_proportion	unknown_function_bitscore_proportion
Ef-P10-208	Ef-P10-208_CDS_0001	34	1506	+	675	head and packaging	terminase large subunit	foldseek	11	4102.0	0.997	6.776e-104	1.0	489.0	490.0	12.0	500.0	501.0	foldseek	protein609258	head and packaging	0.991	0.991	0.0	0.0	0.003	0.002	0.003	0.0	0.0	0.0	0.0
Ef-P10-208	Ef-P10-208_CDS_0002	1606	2394	+	1917	head and packaging	virion structural protein	foldseek	11	1513.0	0.984	9.367e-48	0.0	261.0	262.0	0.0	261.0	262.0	foldseek	protein45322	head and packaging	0.885	0.885	0.0	0.0	0.003	0.026	0.0	0.0	0.0	0.085	0.0
Ef-P10-208	Ef-P10-208_CDS_0003	2499	3215	+	1116	unknown function	hypothetical protein	foldseek	11	1470.0	0.995	3.280e-41	0.0	237.0	238.0	0.0	237.0	238.0	foldseek	protein678729	unknown function	0.0	0.0	0.0	0.0	0.0	0.0	0.0	0.0	0.0	0.0	0.0
Ef-P10-208	Ef-P10-208_CDS_0004	3205	3549	+	13357	unknown function	hypothetical protein	foldseek	11	855.0	0.991	6.168e-21	0.0	113.0	114.0	0.0	113.0	114.0	foldseek	protein575958	unknown function	0.0	0.0	0.0	0.0	0.0	0.0	0.0	0.0	0.0	0.0	0.0
Ef-P10-208	Ef-P10-208_CDS_0005	3643	4512	+	833	lysis	endolysin	foldseek	11	2182.0	0.993	1.041e-65	0.0	288.0	289.0	0.0	288.0	289.0	foldseek	protein809337	lysis	0.993	0.0	0.0	0.002	0.001	0.001	0.0	0.0	0.993	0.003	0.0
Ef-P10-208	Ef-P10-208_CDS_0006	4679	5317	+	4602	other	transglycosylase	foldseek	11	772.0	0.995	3.439e-33	0.0	211.0	212.0	0.0	211.0	212.0	foldseek	protein222910	other	0.884	0.0	0.0	0.067	0.0	0.0	0.0	0.0	0.049	0.884	0.0
Ef-P10-208	Ef-P10-208_CDS_0007	5459	5803	+	1108	head and packaging	portal protein	foldseek	11	978.0	0.991	8.159e-23	0.0	113.0	114.0	0.0	113.0	114.0	foldseek	protein73396	head and packaging	1.0	1.0	0.0	0.0	0.0	0.0	0.0	0.0	0.0	0.0	0.0
Ef-P10-208	Ef-P10-208_CDS_0008	5984	5889	-	No_PHROG	unknown function	hypothetical protein	none	11																							
Ef-P10-208	Ef-P10-208_CDS_0009	6013	7542	+	12	head and packaging	portal protein	foldseek	11	3483.0	0.996	3.657e-88	0.0	508.0	509.0	65.0	573.0	574.0	foldseek	protein260435	head and packaging	0.906	0.906	0.0	0.0	0.0	0.001	0.093	0.0	0.0	0.0	0.0
Ef-P10-208	Ef-P10-208_CDS_0010	7549	7662	+	No_PHROG	unknown function	hypothetical protein	none	11																							
Ef-P10-208	Ef-P10-208_CDS_0011	7634	8440	+	1028	head and packaging	head maturation protease	foldseek	11	1360.0	0.988	1.672e-50	5.0	267.0	268.0	0.0	262.0	263.0	foldseek	protein484457	head and packaging	0.994	0.994	0.0	0.0	0.001	0.002	0.0	0.0	0.0	0.002	0.0
Ef-P10-208	Ef-P10-208_CDS_0012	8447	9373	+	1133	unknown function	hypothetical protein	foldseek	11	1026.0	0.971	1.098e-38	0.0	307.0	308.0	0.0	313.0	314.0	foldseek	protein193752	unknown function	0.0	0.0	0.0	0.0	0.0	0.0	0.0	0.0	0.0	0.0	0.0
Ef-P10-208	Ef-P10-208_CDS_0013	9514	10908	+	752	head and packaging	major head protein	foldseek	11	3382.0	1.0	2.156e-92	0.0	463.0	464.0	0.0	463.0	464.0	foldseek	protein23391	head and packaging	0.999	0.999	0.0	0.001	0.0	0.0	0.0	0.0	0.0	0.0	0.0
Ef-P10-208	Ef-P10-208_CDS_0014	11013	11276	+	1205	unknown function	hypothetical protein	foldseek	11	394.0	0.976	9.051e-13	1.0	86.0	87.0	7.0	92.0	93.0	foldseek	protein557033	unknown function	0.0	0.0	0.0	0.0	0.0	0.0	0.0	0.0	0.0	0.0	0.0
Ef-P10-208	Ef-P10-208_CDS_0015	11289	12188	+	772	tail	tail fiber protein	foldseek	11	2202.0	1.0	1.156e-55	0.0	298.0	299.0	0.0	298.0	299.0	foldseek	protein687013	tail	0.601	0.007	0.0	0.601	0.0	0.0	0.392	0.0	0.0	0.0	0.0
Ef-P10-208	Ef-P10-208_CDS_0016	12208	13077	+	1004	head and packaging	virion structural protein	foldseek	11	1879.0	0.996	5.686e-49	0.0	288.0	289.0	0.0	288.0	289.0	foldseek	protein617565	head and packaging	0.989	0.989	0.0	0.007	0.0	0.0	0.003	0.0	0.0	0.001	0.0
Ef-P10-208	Ef-P10-208_CDS_0017	13070	13693	+	1127	unknown function	hypothetical protein	foldseek	11	1616.0	1.0	1.418e-40	0.0	206.0	207.0	0.0	206.0	207.0	foldseek	protein192171	unknown function	0.0	0.0	0.0	0.0	0.0	0.0	0.0	0.0	0.0	0.0	0.0
Ef-P10-208	Ef-P10-208_CDS_0018	13697	14542	+	20284	head and packaging	virion structural protein	foldseek	11	146.0	0.134	6.604e-06	26.0	280.0	281.0	53.0	234.0	237.0	foldseek	envhog_protein549842	head and packaging	0.583	0.583	0.0	0.194	0.0	0.0	0.223	0.0	0.0	0.0	0.0
Ef-P10-208	Ef-P10-208_CDS_0019	14542	14775	+	1151	unknown function	hypothetical protein	foldseek	11	368.0	0.987	5.085e-11	0.0	76.0	77.0	0.0	76.0	77.0	foldseek	protein407143	unknown function	0.0	0.0	0.0	0.0	0.0	0.0	0.0	0.0	0.0	0.0	0.0
Ef-P10-208	Ef-P10-208_CDS_0020	14779	16488	+	279	tail	tail sheath	foldseek	11	4919.0	0.996	0.000e+00	0.0	568.0	569.0	0.0	568.0	569.0	foldseek	protein431925	tail	0.999	0.0	0.0	0.999	0.0	0.0	0.001	0.0	0.0	0.0	0.0
Ef-P10-208	Ef-P10-208_CDS_0021	16549	16971	+	985	head and packaging	virion structural protein	foldseek	11	1124.0	0.971	6.891e-26	0.0	139.0	140.0	0.0	139.0	140.0	foldseek	protein786268	tail	0.9	0.075	0.0	0.9	0.0	0.001	0.012	0.0	0.002	0.01	0.0
Ef-P10-208	Ef-P10-208_CDS_0022	17095	17931	+	559	DNA, RNA and nucleotide metabolism	HNH endonuclease	foldseek	11	294.0	0.231	3.594e-13	38.0	267.0	278.0	23.0	247.0	447.0	foldseek	envhog_protein938264	DNA, RNA and nucleotide metabolism	1.0	0.0	0.0	0.0	0.0	1.0	0.0	0.0	0.0	0.0	0.0
Ef-P10-208	Ef-P10-208_CDS_0023	17945	18091	+	1382	unknown function	hypothetical protein	foldseek	11	259.0	0.958	3.895e-06	0.0	47.0	48.0	0.0	47.0	48.0	foldseek	protein293566	unknown function	0.0	0.0	0.0	0.0	0.0	0.0	0.0	0.0	0.0	0.0	0.0
Ef-P10-208	Ef-P10-208_CDS_0024	18227	18700	+	1038	tail	tail assembly chaperone	foldseek	11	1159.0	1.0	8.442e-28	0.0	156.0	157.0	0.0	156.0	157.0	foldseek	protein618995	tail	1.0	0.0	0.0	1.0	0.0	0.0	0.0	0.0	0.0	0.0	0.0
Ef-P10-208	Ef-P10-208_CDS_0025	18768	19343	+	1316	DNA, RNA and nucleotide metabolism	RNA polymerase beta subunit	foldseek	11	852.0	0.994	2.056e-28	0.0	190.0	191.0	0.0	190.0	191.0	foldseek	protein737050	DNA, RNA and nucleotide metabolism	0.811	0.0	0.0	0.189	0.0	0.811	0.0	0.0	0.0	0.0	0.0
Ef-P10-208	Ef-P10-208_CDS_0026	19388	23044	+	1047	tail	tail associated lysin	foldseek	11	3161.0	0.995	2.241e-100	80.0	1078.0	1218.0	1.0	999.0	1000.0	foldseek	protein203198_1	tail	0.988	0.001	0.0	0.988	0.001	0.0	0.0	0.0	0.009	0.002	0.0
Ef-P10-208	Ef-P10-208_CDS_0027	23083	26268	+	1015	tail	tail protein with lysin activity	foldseek	11	6435.0	0.998	0.000e+00	0.0	999.0	1061.0	0.0	999.0	1000.0	foldseek	protein463570_1	tail	0.878	0.054	0.0	0.878	0.0	0.0	0.0	0.0	0.038	0.03	0.0
Ef-P10-208	Ef-P10-208_CDS_0028	26353	31830	+	2929	tail	tail fiber protein	foldseek	11	4619.0	0.927	0.000e+00	6.0	1002.0	1825.0	3.0	999.0	1000.0	foldseek	protein654816_1	tail	0.733	0.063	0.0	0.733	0.021	0.0	0.007	0.0	0.001	0.175	0.0
Ef-P10-208	Ef-P10-208_CDS_0029	31930	34380	+	372	tail	tail protein	foldseek	11	5345.0	0.892	0.000e+00	0.0	815.0	816.0	0.0	802.0	803.0	foldseek	protein820851	tail	0.919	0.068	0.0	0.919	0.001	0.004	0.003	0.0	0.0	0.005	0.0
Ef-P10-208	Ef-P10-208_CDS_0030	34374	35102	+	1348	tail	tail fiber protein	foldseek	11	627.0	0.314	1.809e-19	2.0	241.0	242.0	3.0	240.0	241.0	foldseek	protein523147	tail	0.97	0.01	0.0	0.97	0.0	0.0	0.0	0.0	0.0	0.02	0.0
Ef-P10-208	Ef-P10-208_CDS_0031	35139	35279	+	1382	unknown function	hypothetical protein	foldseek	11	229.0	0.977	2.970e-05	0.0	44.0	46.0	0.0	44.0	48.0	foldseek	protein293499	unknown function	0.0	0.0	0.0	0.0	0.0	0.0	0.0	0.0	0.0	0.0	0.0
Ef-P10-208	Ef-P10-208_CDS_0032	35360	36064	+	1348	tail	tail fiber protein	foldseek	11	428.0	0.243	6.529e-15	0.0	231.0	234.0	1.0	227.0	241.0	foldseek	protein523145	tail	0.964	0.0	0.0	0.964	0.0	0.0	0.0	0.0	0.0	0.036	0.0
Ef-P10-208	Ef-P10-208_CDS_0033	36151	36840	+	1011	head and packaging	virion structural protein	foldseek	11	1318.0	0.995	4.016e-38	0.0	228.0	229.0	0.0	228.0	229.0	foldseek	protein647505	tail	0.722	0.181	0.0	0.722	0.0	0.002	0.0	0.0	0.093	0.001	0.0
Ef-P10-208	Ef-P10-208_CDS_0034	36844	37380	+	1011	head and packaging	virion structural protein	foldseek	11	259.0	0.218	3.401e-06	1.0	175.0	178.0	194.0	389.0	390.0	foldseek	envhog_protein34275	head and packaging	1.0	1.0	0.0	0.0	0.0	0.0	0.0	0.0	0.0	0.0	0.0
Ef-P10-208	Ef-P10-208_CDS_0035	37367	38071	+	975	tail	baseplate protein	foldseek	11	1829.0	1.0	3.191e-48	0.0	233.0	234.0	0.0	233.0	234.0	foldseek	protein24606	tail	0.999	0.001	0.0	0.999	0.0	0.0	0.0	0.0	0.0	0.0	0.0
Ef-P10-208	Ef-P10-208_CDS_0036	38087	39139	+	6	tail	baseplate wedge subunit	foldseek	11	2962.0	0.991	1.243e-72	0.0	349.0	350.0	0.0	349.0	350.0	foldseek	protein239915	tail	0.999	0.0	0.001	0.999	0.0	0.0	0.0	0.0	0.0	0.0	0.0
Ef-P10-208	Ef-P10-208_CDS_0037	39157	42549	+	7378	tail	baseplate protein	foldseek	11	2896.0	0.507	2.251e-98	0.0	1123.0	1130.0	0.0	807.0	1000.0	foldseek	protein197068_1	tail	0.717	0.22	0.0	0.717	0.019	0.0	0.009	0.0	0.002	0.033	0.0
Ef-P10-208	Ef-P10-208_CDS_0038	42674	42564	-	No_PHROG	unknown function	hypothetical protein	none	11																							
Ef-P10-208	Ef-P10-208_CDS_0039	42721	43200	+	1394	head and packaging	virion structural protein	foldseek	11	1357.0	0.993	6.795e-31	0.0	158.0	159.0	0.0	158.0	159.0	foldseek	protein248250	head and packaging	0.759	0.759	0.0	0.241	0.0	0.0	0.0	0.0	0.0	0.0	0.0
Ef-P10-208	Ef-P10-208_CDS_0040	43215	46679	+	5342	tail	tail fiber protein	foldseek	11	1285.0	0.178	2.148e-46	404.0	1146.0	1154.0	18.0	998.0	1000.0	foldseek	efam_protein139115_2	tail	0.762	0.184	0.0	0.762	0.0	0.002	0.004	0.0	0.047	0.001	0.0
Ef-P10-208	Ef-P10-208_CDS_0041	46757	46963	+	1074	unknown function	hypothetical protein	pharokka	11																							
Ef-P10-208	Ef-P10-208_CDS_0042	47218	48990	+	16	DNA, RNA and nucleotide metabolism	DNA helicase	foldseek	11	4930.0	1.0	0.000e+00	0.0	589.0	590.0	0.0	589.0	590.0	foldseek	protein402695	DNA, RNA and nucleotide metabolism	0.986	0.0	0.0	0.0	0.012	0.986	0.0	0.0	0.0	0.001	0.0
Ef-P10-208	Ef-P10-208_CDS_0043	49018	50646	+	1098	DNA, RNA and nucleotide metabolism	HTH DNA binding protein	foldseek	11	3859.0	0.994	4.097e-76	0.0	541.0	542.0	0.0	541.0	542.0	foldseek	protein823996	DNA, RNA and nucleotide metabolism	1.0	0.0	0.0	0.0	0.0	1.0	0.0	0.0	0.0	0.0	0.0
Ef-P10-208	Ef-P10-208_CDS_0044	50679	52151	+	19	DNA, RNA and nucleotide metabolism	DnaB-like replicative helicase	foldseek	11	2938.0	0.997	3.408e-88	0.0	489.0	490.0	0.0	489.0	490.0	foldseek	protein513928	DNA, RNA and nucleotide metabolism	0.92	0.002	0.0	0.0	0.003	0.92	0.0	0.0	0.0	0.075	0.0
Ef-P10-208	Ef-P10-208_CDS_0045	52151	53206	+	100	DNA, RNA and nucleotide metabolism	SbcD-like subunit of palindrome specific endonuclease	foldseek	11	2930.0	0.994	7.266e-71	0.0	350.0	351.0	0.0	350.0	351.0	foldseek	protein549469	DNA, RNA and nucleotide metabolism	0.935	0.0	0.0	0.0	0.0	0.935	0.0	0.013	0.0	0.051	0.0
Ef-P10-208	Ef-P10-208_CDS_0046	53322	55214	+	77	DNA, RNA and nucleotide metabolism	SbcC-like subunit of palindrome specific endonuclease	foldseek	11	4664.0	0.998	0.000e+00	0.0	629.0	630.0	0.0	629.0	630.0	foldseek	protein145217	DNA, RNA and nucleotide metabolism	0.986	0.0	0.0	0.002	0.007	0.986	0.0	0.0	0.0	0.004	0.0
Ef-P10-208	Ef-P10-208_CDS_0047	55223	55888	+	1070	moron, auxiliary metabolic gene and host takeover	anti-sigma factor	foldseek	11	1645.0	0.995	1.826e-39	0.0	220.0	221.0	0.0	220.0	221.0	foldseek	protein774194	moron, auxiliary metabolic gene and host takeover	1.0	0.0	0.0	0.0	1.0	0.0	0.0	0.0	0.0	0.0	0.0
Ef-P10-208	Ef-P10-208_CDS_0048	55889	56947	+	47	DNA, RNA and nucleotide metabolism	DNA primase	foldseek	11	2380.0	1.0	5.319e-73	0.0	351.0	352.0	0.0	351.0	352.0	foldseek	protein750715	DNA, RNA and nucleotide metabolism	0.997	0.0	0.002	0.0	0.0	0.997	0.0	0.0	0.0	0.0	0.0
Ef-P10-208	Ef-P10-208_CDS_0049	56964	57596	+	3523	unknown function	hypothetical protein	foldseek	11	1274.0	0.995	5.257e-34	0.0	209.0	210.0	0.0	209.0	210.0	foldseek	protein28166	unknown function	0.0	0.0	0.0	0.0	0.0	0.0	0.0	0.0	0.0	0.0	0.0
Ef-P10-208	Ef-P10-208_CDS_0050	57622	58506	+	135	DNA, RNA and nucleotide metabolism	dUTPase	foldseek	11	2501.0	0.989	3.243e-59	0.0	293.0	294.0	0.0	293.0	294.0	foldseek	protein326787	DNA, RNA and nucleotide metabolism	0.993	0.0	0.0	0.0	0.0	0.993	0.0	0.0	0.0	0.007	0.0
Ef-P10-208	Ef-P10-208_CDS_0051	58509	58739	+	17092	DNA, RNA and nucleotide metabolism	dUTPase	foldseek	11	572.0	1.0	4.312e-14	0.0	75.0	76.0	0.0	75.0	76.0	foldseek	protein555931	DNA, RNA and nucleotide metabolism	1.0	0.0	0.0	0.0	0.0	1.0	0.0	0.0	0.0	0.0	0.0
Ef-P10-208	Ef-P10-208_CDS_0052	58741	59049	+	20515	unknown function	hypothetical protein	foldseek	11	319.0	0.99	7.020e-12	0.0	101.0	102.0	0.0	101.0	102.0	foldseek	protein850393	unknown function	0.0	0.0	0.0	0.0	0.0	0.0	0.0	0.0	0.0	0.0	0.0
Ef-P10-208	Ef-P10-208_CDS_0053	59036	59347	+	7516	unknown function	hypothetical protein	foldseek	11	483.0	1.0	2.942e-13	0.0	102.0	103.0	10.0	112.0	113.0	foldseek	protein570752	unknown function	0.0	0.0	0.0	0.0	0.0	0.0	0.0	0.0	0.0	0.0	0.0
Ef-P10-208	Ef-P10-208_CDS_0054	59340	59711	+	1095	unknown function	hypothetical protein	foldseek	11	643.0	1.0	3.226e-18	0.0	122.0	123.0	0.0	122.0	123.0	foldseek	protein44105	unknown function	0.0	0.0	0.0	0.0	0.0	0.0	0.0	0.0	0.0	0.0	0.0
Ef-P10-208	Ef-P10-208_CDS_0055	59731	60399	+	244	DNA, RNA and nucleotide metabolism	RusA-like Holliday junction resolvase	foldseek	11	1647.0	0.99	2.463e-47	0.0	221.0	222.0	0.0	221.0	222.0	foldseek	protein404513	DNA, RNA and nucleotide metabolism	1.0	0.0	0.0	0.0	0.0	1.0	0.0	0.0	0.0	0.0	0.0
Ef-P10-208	Ef-P10-208_CDS_0056	60401	60700	+	17395	unknown function	hypothetical protein	foldseek	11	666.0	1.0	5.665e-17	0.0	98.0	99.0	0.0	98.0	99.0	foldseek	protein675318	unknown function	0.0	0.0	0.0	0.0	0.0	0.0	0.0	0.0	0.0	0.0	0.0
Ef-P10-208	Ef-P10-208_CDS_0057	60706	61185	+	1689	other	nucleotide kinase	foldseek	11	293.0	0.424	2.231e-05	1.0	73.0	159.0	183.0	255.0	256.0	foldseek	envhog_protein497756	other	1.0	0.0	0.0	0.0	0.0	0.0	0.0	0.0	0.0	1.0	0.0
Ef-P10-208	Ef-P10-208_CDS_0058	61278	62072	+	9252	DNA, RNA and nucleotide metabolism	DNA repair photolyase	foldseek	11	214.0	0.171	1.191e-08	9.0	229.0	264.0	481.0	716.0	733.0	foldseek	envhog_protein1642823	DNA, RNA and nucleotide metabolism	0.947	0.0	0.0	0.0	0.0	0.947	0.0	0.0	0.0	0.053	0.0
Ef-P10-208	Ef-P10-208_CDS_0059	62065	62376	+	379	DNA, RNA and nucleotide metabolism	DNA binding protein	foldseek	11	735.0	0.99	3.764e-18	0.0	102.0	103.0	0.0	102.0	103.0	foldseek	protein149425	DNA, RNA and nucleotide metabolism	1.0	0.0	0.0	0.0	0.0	1.0	0.0	0.0	0.0	0.0	0.0
Ef-P10-208	Ef-P10-208_CDS_0060	62466	64856	+	17	DNA, RNA and nucleotide metabolism	DNA polymerase	foldseek	11	6218.0	0.991	0.000e+00	0.0	795.0	796.0	0.0	799.0	800.0	foldseek	protein435711	DNA, RNA and nucleotide metabolism	0.999	0.0	0.0	0.0	0.0	0.999	0.0	0.0	0.0	0.0	0.0
Ef-P10-208	Ef-P10-208_CDS_0061	64989	65678	+	2081	DNA, RNA and nucleotide metabolism	HNH endonuclease	foldseek	11	1673.0	0.938	4.253e-47	0.0	228.0	229.0	0.0	228.0	229.0	foldseek	protein555171	DNA, RNA and nucleotide metabolism	0.999	0.0	0.0	0.0	0.0	0.999	0.0	0.0	0.0	0.001	0.0
Ef-P10-208	Ef-P10-208_CDS_0062	65722	65630	-	No_PHROG	unknown function	hypothetical protein	none	11																							
Ef-P10-208	Ef-P10-208_CDS_0063	65943	65854	-	No_PHROG	unknown function	hypothetical protein	none	11																							
Ef-P10-208	Ef-P10-208_CDS_0064	66068	65964	-	No_PHROG	unknown function	hypothetical protein	none	11																							
Ef-P10-208	Ef-P10-208_CDS_0065	66043	66522	+	5995	DNA, RNA and nucleotide metabolism	DNA polymerase	foldseek	11	1078.0	1.0	2.423e-26	0.0	158.0	159.0	15.0	173.0	174.0	foldseek	protein820329	DNA, RNA and nucleotide metabolism	1.0	0.0	0.0	0.0	0.0	1.0	0.0	0.0	0.0	0.0	0.0
Ef-P10-208	Ef-P10-208_CDS_0066	66625	67167	+	231	DNA, RNA and nucleotide metabolism	UvsY-like recombination mediator	foldseek	11	198.0	0.192	2.140e-04	27.0	151.0	180.0	18.0	138.0	142.0	foldseek	envhog_protein994565	DNA, RNA and nucleotide metabolism	1.0	0.0	0.0	0.0	0.0	1.0	0.0	0.0	0.0	0.0	0.0
Ef-P10-208	Ef-P10-208_CDS_0067	67224	68513	+	1867	DNA, RNA and nucleotide metabolism	single strand DNA binding protein	foldseek	11	2430.0	0.993	2.063e-74	0.0	428.0	429.0	0.0	428.0	429.0	foldseek	protein179484	DNA, RNA and nucleotide metabolism	0.999	0.0	0.0	0.0	0.0	0.999	0.0	0.0	0.0	0.001	0.0
Ef-P10-208	Ef-P10-208_CDS_0068	68598	69845	+	97	other	UvsX-like recombinase	foldseek	11	3330.0	0.997	1.463e-82	0.0	414.0	415.0	0.0	414.0	415.0	foldseek	protein822557	DNA, RNA and nucleotide metabolism	0.67	0.005	0.0	0.0	0.009	0.67	0.0	0.0	0.0	0.315	0.0
Ef-P10-208	Ef-P10-208_CDS_0069	69971	70285	+	1089	unknown function	hypothetical protein	foldseek	11	856.0	0.99	1.877e-19	0.0	103.0	104.0	24.0	127.0	128.0	foldseek	protein666090	unknown function	0.0	0.0	0.0	0.0	0.0	0.0	0.0	0.0	0.0	0.0	0.0
Ef-P10-208	Ef-P10-208_CDS_0070	70278	70892	+	1025	transcription regulation	RNA polymerase sigma factor	foldseek	11	837.0	0.995	3.397e-27	0.0	203.0	204.0	0.0	203.0	204.0	foldseek	protein399306	transcription regulation	1.0	0.0	0.0	0.0	0.0	0.0	0.0	1.0	0.0	0.0	0.0
Ef-P10-208	Ef-P10-208_CDS_0071	70953	71228	+	263	lysis	holin	foldseek	11	473.0	0.989	1.024e-11	0.0	90.0	91.0	0.0	90.0	91.0	foldseek	protein518158	lysis	1.0	0.0	0.0	0.0	0.0	0.0	0.0	0.0	1.0	0.0	0.0
Ef-P10-208	Ef-P10-208_CDS_0072	71276	72238	+	215	head and packaging	structural protein with Ig domain	foldseek	11	2485.0	0.996	9.314e-60	0.0	319.0	320.0	0.0	319.0	320.0	foldseek	protein745444	tail	0.549	0.355	0.0	0.549	0.004	0.007	0.005	0.0	0.003	0.077	0.0
Ef-P10-208	Ef-P10-208_CDS_0073	72259	72702	+	1240	other	Ig domain containing protein	foldseek	11	1104.0	1.0	7.099e-26	0.0	146.0	147.0	0.0	146.0	147.0	foldseek	protein48174	other	0.808	0.192	0.0	0.0	0.0	0.0	0.0	0.0	0.0	0.808	0.0
Ef-P10-208	Ef-P10-208_CDS_0074	72677	72769	+	No_PHROG	unknown function	hypothetical protein	none	11																							
Ef-P10-208	Ef-P10-208_CDS_0075	72808	73104	+	20613	unknown function	hypothetical protein	foldseek	11	547.0	0.959	6.698e-15	0.0	97.0	98.0	0.0	97.0	98.0	foldseek	protein499871	unknown function	0.0	0.0	0.0	0.0	0.0	0.0	0.0	0.0	0.0	0.0	0.0
Ef-P10-208	Ef-P10-208_CDS_0076	73109	74062	+	1850	other	exopolyphosphatase	foldseek	11	2466.0	0.993	9.976e-62	0.0	316.0	317.0	0.0	316.0	317.0	foldseek	protein796666	other	0.889	0.0	0.0	0.0	0.0	0.11	0.0	0.0	0.001	0.889	0.0
Ef-P10-208	Ef-P10-208_CDS_0077	74116	75399	+	284	DNA, RNA and nucleotide metabolism	exonuclease	foldseek	11	2740.0	0.995	6.981e-81	0.0	426.0	427.0	0.0	426.0	427.0	foldseek	protein351407	DNA, RNA and nucleotide metabolism	0.899	0.0	0.0	0.0	0.0	0.899	0.0	0.0	0.0	0.101	0.0
Ef-P10-208	Ef-P10-208_CDS_0078	75411	75785	+	7143	unknown function	hypothetical protein	foldseek	11	708.0	0.983	3.530e-17	0.0	123.0	124.0	0.0	123.0	124.0	foldseek	protein46526	unknown function	0.0	0.0	0.0	0.0	0.0	0.0	0.0	0.0	0.0	0.0	0.0
Ef-P10-208	Ef-P10-208_CDS_0079	75824	76444	+	1080	unknown function	hypothetical protein	foldseek	11	1141.0	0.995	4.814e-32	0.0	205.0	206.0	0.0	205.0	206.0	foldseek	protein8661	unknown function	0.0	0.0	0.0	0.0	0.0	0.0	0.0	0.0	0.0	0.0	0.0
Ef-P10-208	Ef-P10-208_CDS_0080	76444	77184	+	defensefinder	moron, auxiliary metabolic gene and host takeover	DefenseFinder protein	foldseek	11	272.0	0.147	5.888e-11	0.0	228.0	246.0	0.0	210.0	267.0	foldseek	Rst_gop_beta_cll_1431	DNA, RNA and nucleotide metabolism	0.909	0.0	0.0	0.0	0.091	0.909	0.0	0.0	0.0	0.0	0.0
Ef-P10-208	Ef-P10-208_CDS_0081	77174	77680	+	2356	unknown function	hypothetical protein	foldseek	11	1013.0	1.0	4.605e-28	0.0	167.0	168.0	0.0	167.0	168.0	foldseek	protein793829	unknown function	0.0	0.0	0.0	0.0	0.0	0.0	0.0	0.0	0.0	0.0	0.0
Ef-P10-208	Ef-P10-208_CDS_0082	77694	78044	+	2131	unknown function	hypothetical protein	foldseek	11	960.0	1.0	3.866e-20	0.0	115.0	116.0	0.0	115.0	116.0	foldseek	protein474493	unknown function	0.0	0.0	0.0	0.0	0.0	0.0	0.0	0.0	0.0	0.0	0.0
Ef-P10-208	Ef-P10-208_CDS_0083	78069	78926	+	1113	unknown function	hypothetical protein	foldseek	11	2581.0	1.0	1.889e-57	0.0	284.0	285.0	0.0	284.0	285.0	foldseek	protein835205	unknown function	0.0	0.0	0.0	0.0	0.0	0.0	0.0	0.0	0.0	0.0	0.0
Ef-P10-208	Ef-P10-208_CDS_0084	79033	79878	+	388	DNA, RNA and nucleotide metabolism	nucleotidyltransferase	foldseek	11	348.0	0.167	2.001e-10	17.0	275.0	281.0	2.0	245.0	260.0	foldseek	protein668505	DNA, RNA and nucleotide metabolism	0.995	0.0	0.0	0.0	0.0	0.995	0.0	0.0	0.0	0.005	0.0
Ef-P10-208	Ef-P10-208_CDS_0085	79871	81508	+	755	DNA, RNA and nucleotide metabolism	RNA ligase	foldseek	11	126.0	0.176	9.093e-04	371.0	537.0	545.0	298.0	472.0	621.0	foldseek	envhog_protein542433	DNA, RNA and nucleotide metabolism	1.0	0.0	0.0	0.0	0.0	1.0	0.0	0.0	0.0	0.0	0.0
Ef-P10-208	Ef-P10-208_CDS_0086	81993	81790	-	No_PHROG	unknown function	hypothetical protein	none	11																							
Ef-P10-208	Ef-P10-208_CDS_0087	81818	82507	+	1007	unknown function	hypothetical protein	foldseek	11	1267.0	1.0	1.964e-32	0.0	228.0	229.0	0.0	228.0	229.0	foldseek	protein562767	unknown function	0.0	0.0	0.0	0.0	0.0	0.0	0.0	0.0	0.0	0.0	0.0
Ef-P10-208	Ef-P10-208_CDS_0088	82518	82985	+	1104	head and packaging	virion structural protein	foldseek	11	1324.0	0.98	3.222e-29	0.0	154.0	155.0	0.0	154.0	155.0	foldseek	protein782324	head and packaging	1.0	1.0	0.0	0.0	0.0	0.0	0.0	0.0	0.0	0.0	0.0
Ef-P10-208	Ef-P10-208_CDS_0089	83083	85359	+	1303	DNA, RNA and nucleotide metabolism	DNA binding protein	foldseek	11	215.0	0.338	5.543e-05	630.0	754.0	758.0	5.0	130.0	139.0	foldseek	protein736219	DNA, RNA and nucleotide metabolism	1.0	0.0	0.0	0.0	0.0	1.0	0.0	0.0	0.0	0.0	0.0
Ef-P10-208	Ef-P10-208_CDS_0090	85458	85625	+	22289	unknown function	hypothetical protein	foldseek	11	116.0	0.89	2.936e-04	0.0	54.0	55.0	13.0	67.0	68.0	foldseek	protein855151	unknown function	0.0	0.0	0.0	0.0	0.0	0.0	0.0	0.0	0.0	0.0	0.0
Ef-P10-208	Ef-P10-208_CDS_0091	85644	86150	+	23606	unknown function	hypothetical protein	foldseek	11	445.0	0.911	1.955e-19	0.0	167.0	168.0	0.0	167.0	168.0	foldseek	protein169974	unknown function	0.0	0.0	0.0	0.0	0.0	0.0	0.0	0.0	0.0	0.0	0.0
Ef-P10-208	Ef-P10-208_CDS_0092	86225	86395	+	25959	unknown function	hypothetical protein	foldseek	11	314.0	1.0	7.561e-08	0.0	55.0	56.0	0.0	55.0	56.0	foldseek	protein546413	unknown function	0.0	0.0	0.0	0.0	0.0	0.0	0.0	0.0	0.0	0.0	0.0
Ef-P10-208	Ef-P10-208_CDS_0093	86385	86657	+	25548	unknown function	hypothetical protein	foldseek	11	374.0	0.988	2.906e-12	0.0	89.0	90.0	0.0	89.0	90.0	foldseek	protein278414	unknown function	0.0	0.0	0.0	0.0	0.0	0.0	0.0	0.0	0.0	0.0	0.0
Ef-P10-208	Ef-P10-208_CDS_0094	86765	87016	+	3	transcription regulation	transcriptional repressor	foldseek	11	550.0	1.0	1.029e-11	0.0	82.0	83.0	0.0	82.0	83.0	foldseek	protein415492	transcription regulation	1.0	0.0	0.0	0.0	0.0	0.0	0.0	1.0	0.0	0.0	0.0
Ef-P10-208	Ef-P10-208_CDS_0095	87028	87315	+	24357	unknown function	hypothetical protein	foldseek	11	554.0	0.989	9.450e-14	0.0	94.0	95.0	0.0	94.0	95.0	foldseek	protein162191	unknown function	0.0	0.0	0.0	0.0	0.0	0.0	0.0	0.0	0.0	0.0	0.0
Ef-P10-208	Ef-P10-208_CDS_0096	87318	88106	+	9897	unknown function	hypothetical protein	foldseek	11	2013.0	0.954	1.484e-51	0.0	261.0	262.0	0.0	261.0	262.0	foldseek	protein652800	unknown function	0.0	0.0	0.0	0.0	0.0	0.0	0.0	0.0	0.0	0.0	0.0
Ef-P10-208	Ef-P10-208_CDS_0097	88188	89261	+	2155	head and packaging	virion structural protein	foldseek	11	122.0	0.132	1.536e-06	3.0	343.0	357.0	158.0	476.0	650.0	foldseek	envhog_protein772785	tail	0.671	0.27	0.0	0.671	0.018	0.0	0.0	0.0	0.0	0.041	0.0
Ef-P10-208	Ef-P10-208_CDS_0098	89386	89688	+	16724	unknown function	hypothetical protein	foldseek	11	777.0	1.0	8.886e-20	0.0	99.0	100.0	0.0	99.0	100.0	foldseek	protein75003	unknown function	0.0	0.0	0.0	0.0	0.0	0.0	0.0	0.0	0.0	0.0	0.0
Ef-P10-208	Ef-P10-208_CDS_0099	89690	89992	+	21389	unknown function	hypothetical protein	foldseek	11	582.0	0.89	4.464e-12	0.0	99.0	100.0	0.0	99.0	100.0	foldseek	protein25497	unknown function	0.0	0.0	0.0	0.0	0.0	0.0	0.0	0.0	0.0	0.0	0.0
Ef-P10-208	Ef-P10-208_CDS_0100	89995	90288	+	22240	unknown function	hypothetical protein	foldseek	11	518.0	0.989	1.344e-12	0.0	96.0	97.0	0.0	96.0	97.0	foldseek	protein152054	unknown function	0.0	0.0	0.0	0.0	0.0	0.0	0.0	0.0	0.0	0.0	0.0
Ef-P10-208	Ef-P10-208_CDS_0101	90285	90464	+	32810	unknown function	hypothetical protein	foldseek	11	230.0	1.0	1.658e-06	0.0	58.0	59.0	0.0	58.0	59.0	foldseek	protein352785	unknown function	0.0	0.0	0.0	0.0	0.0	0.0	0.0	0.0	0.0	0.0	0.0
Ef-P10-208	Ef-P10-208_CDS_0102	90477	90830	+	5835	unknown function	hypothetical protein	foldseek	11	950.0	0.957	7.527e-25	0.0	116.0	117.0	0.0	116.0	117.0	foldseek	protein786085	unknown function	0.0	0.0	0.0	0.0	0.0	0.0	0.0	0.0	0.0	0.0	0.0
Ef-P10-208	Ef-P10-208_CDS_0103	90857	91234	+	25944	unknown function	hypothetical protein	foldseek	11	490.0	0.96	1.062e-13	0.0	124.0	125.0	0.0	124.0	125.0	foldseek	protein323983	unknown function	0.0	0.0	0.0	0.0	0.0	0.0	0.0	0.0	0.0	0.0	0.0
Ef-P10-208	Ef-P10-208_CDS_0104	91227	91457	+	27732	unknown function	hypothetical protein	foldseek	11	373.0	0.973	2.682e-09	0.0	75.0	76.0	0.0	75.0	76.0	foldseek	protein680384	unknown function	0.0	0.0	0.0	0.0	0.0	0.0	0.0	0.0	0.0	0.0	0.0
Ef-P10-208	Ef-P10-208_CDS_0105	91461	91835	+	1150	unknown function	hypothetical protein	foldseek	11	754.0	1.0	4.946e-17	0.0	123.0	124.0	0.0	123.0	124.0	foldseek	protein430197	unknown function	0.0	0.0	0.0	0.0	0.0	0.0	0.0	0.0	0.0	0.0	0.0
Ef-P10-208	Ef-P10-208_CDS_0106	91832	92074	+	22106	unknown function	hypothetical protein	foldseek	11	437.0	1.0	3.242e-13	0.0	79.0	80.0	0.0	79.0	80.0	foldseek	protein739706	unknown function	0.0	0.0	0.0	0.0	0.0	0.0	0.0	0.0	0.0	0.0	0.0
Ef-P10-208	Ef-P10-208_CDS_0107	92092	92280	+	31416	unknown function	hypothetical protein	foldseek	11	345.0	0.967	8.335e-08	0.0	61.0	62.0	0.0	61.0	62.0	foldseek	protein69484	unknown function	0.0	0.0	0.0	0.0	0.0	0.0	0.0	0.0	0.0	0.0	0.0
Ef-P10-208	Ef-P10-208_CDS_0108	92313	92876	+	3523	unknown function	hypothetical protein	foldseek	11	812.0	0.994	8.342e-28	0.0	186.0	187.0	0.0	186.0	187.0	foldseek	protein28188	unknown function	0.0	0.0	0.0	0.0	0.0	0.0	0.0	0.0	0.0	0.0	0.0
Ef-P10-208	Ef-P10-208_CDS_0109	92918	93760	+	1657	head and packaging	head morphogenesis	foldseek	11	83.0	0.138	5.787e-05	3.0	224.0	280.0	342.0	536.0	630.0	foldseek	envhog_protein434695	head and packaging	0.572	0.572	0.0	0.0	0.428	0.0	0.0	0.0	0.0	0.0	0.0
Ef-P10-208	Ef-P10-208_CDS_0110	93773	94402	+	23690	unknown function	hypothetical protein	foldseek	11	1010.0	0.971	7.254e-38	0.0	208.0	209.0	0.0	208.0	209.0	foldseek	protein567422	unknown function	0.0	0.0	0.0	0.0	0.0	0.0	0.0	0.0	0.0	0.0	0.0
Ef-P10-208	Ef-P10-208_CDS_0111	94480	94722	+	27082	unknown function	hypothetical protein	foldseek	11	444.0	0.925	4.095e-11	0.0	79.0	80.0	0.0	79.0	80.0	foldseek	protein686293	unknown function	0.0	0.0	0.0	0.0	0.0	0.0	0.0	0.0	0.0	0.0	0.0
Ef-P10-208	Ef-P10-208_CDS_0112	94737	94880	+	4188	unknown function	hypothetical protein	foldseek	11	234.0	0.978	4.715e-07	1.0	46.0	47.0	0.0	45.0	46.0	foldseek	protein382002	unknown function	0.0	0.0	0.0	0.0	0.0	0.0	0.0	0.0	0.0	0.0	0.0
Ef-P10-208	Ef-P10-208_CDS_0113	94893	95087	+	4615	unknown function	hypothetical protein	foldseek	11	432.0	1.0	2.244e-12	0.0	63.0	64.0	0.0	63.0	64.0	foldseek	protein279957	unknown function	0.0	0.0	0.0	0.0	0.0	0.0	0.0	0.0	0.0	0.0	0.0
Ef-P10-208	Ef-P10-208_CDS_0114	95103	95744	+	25818	unknown function	hypothetical protein	foldseek	11	827.0	0.99	2.622e-28	0.0	212.0	213.0	0.0	212.0	213.0	foldseek	protein306501	unknown function	0.0	0.0	0.0	0.0	0.0	0.0	0.0	0.0	0.0	0.0	0.0
Ef-P10-208	Ef-P10-208_CDS_0115	95756	96199	+	25782	unknown function	hypothetical protein	foldseek	11	817.0	0.972	1.927e-26	0.0	146.0	147.0	0.0	146.0	147.0	foldseek	protein494081	unknown function	0.0	0.0	0.0	0.0	0.0	0.0	0.0	0.0	0.0	0.0	0.0
Ef-P10-208	Ef-P10-208_CDS_0116	96351	96782	+	17103	unknown function	hypothetical protein	foldseek	11	393.0	0.979	3.484e-19	0.0	142.0	143.0	5.0	147.0	148.0	foldseek	protein247499	unknown function	0.0	0.0	0.0	0.0	0.0	0.0	0.0	0.0	0.0	0.0	0.0
Ef-P10-208	Ef-P10-208_CDS_0117	97065	96976	-	No_PHROG	unknown function	hypothetical protein	none	11																							
Ef-P10-208	Ef-P10-208_CDS_0118	97139	97438	+	25744	unknown function	hypothetical protein	foldseek	11	581.0	0.989	3.698e-17	0.0	98.0	99.0	0.0	98.0	99.0	foldseek	protein654386	unknown function	0.0	0.0	0.0	0.0	0.0	0.0	0.0	0.0	0.0	0.0	0.0
Ef-P10-208	Ef-P10-208_CDS_0119	97517	97807	+	38646	unknown function	hypothetical protein	foldseek	11	472.0	1.0	1.098e-11	0.0	95.0	96.0	0.0	95.0	96.0	foldseek	protein307837	unknown function	0.0	0.0	0.0	0.0	0.0	0.0	0.0	0.0	0.0	0.0	0.0
Ef-P10-208	Ef-P10-208_CDS_0120	97891	98214	+	14846	unknown function	hypothetical protein	foldseek	11	638.0	0.962	3.028e-13	0.0	106.0	107.0	0.0	106.0	107.0	foldseek	protein747110	unknown function	0.0	0.0	0.0	0.0	0.0	0.0	0.0	0.0	0.0	0.0	0.0
Ef-P10-208	Ef-P10-208_CDS_0121	98309	98449	+	20676	unknown function	hypothetical protein	pharokka	11																							
Ef-P10-208	Ef-P10-208_CDS_0122	98508	98774	+	No_PHROG	unknown function	hypothetical protein	none	11																							
Ef-P10-208	Ef-P10-208_CDS_0123	98857	99084	+	19608	unknown function	hypothetical protein	foldseek	11	596.0	0.84	1.408e-14	0.0	74.0	75.0	0.0	74.0	75.0	foldseek	protein735491	unknown function	0.0	0.0	0.0	0.0	0.0	0.0	0.0	0.0	0.0	0.0	0.0
Ef-P10-208	Ef-P10-208_CDS_0124	99160	99459	+	8573	unknown function	hypothetical protein	foldseek	11	802.0	0.979	1.263e-20	3.0	98.0	99.0	1.0	96.0	97.0	foldseek	protein384945	unknown function	0.0	0.0	0.0	0.0	0.0	0.0	0.0	0.0	0.0	0.0	0.0
Ef-P10-208	Ef-P10-208_CDS_0125	99569	99775	+	26721	unknown function	hypothetical protein	foldseek	11	324.0	1.0	7.418e-10	0.0	67.0	68.0	0.0	67.0	68.0	foldseek	protein397879	unknown function	0.0	0.0	0.0	0.0	0.0	0.0	0.0	0.0	0.0	0.0	0.0
Ef-P10-208	Ef-P10-208_CDS_0126	99859	100104	+	4264	unknown function	hypothetical protein	foldseek	11	633.0	0.987	3.398e-16	0.0	80.0	81.0	0.0	80.0	81.0	foldseek	protein28674	unknown function	0.0	0.0	0.0	0.0	0.0	0.0	0.0	0.0	0.0	0.0	0.0
Ef-P10-208	Ef-P10-208_CDS_0127	100149	100355	+	33460	unknown function	hypothetical protein	foldseek	11	516.0	0.985	2.050e-12	0.0	67.0	68.0	0.0	67.0	68.0	foldseek	protein380356	unknown function	0.0	0.0	0.0	0.0	0.0	0.0	0.0	0.0	0.0	0.0	0.0
Ef-P10-208	Ef-P10-208_CDS_0128	100374	100544	+	26004	unknown function	hypothetical protein	foldseek	11	315.0	0.981	3.663e-07	2.0	55.0	56.0	1.0	54.0	55.0	foldseek	protein861608	unknown function	0.0	0.0	0.0	0.0	0.0	0.0	0.0	0.0	0.0	0.0	0.0
Ef-P10-208	Ef-P10-208_CDS_0129	100680	100985	+	24730	unknown function	hypothetical protein	foldseek	11	303.0	0.94	5.324e-11	0.0	100.0	101.0	0.0	100.0	101.0	foldseek	protein404158	unknown function	0.0	0.0	0.0	0.0	0.0	0.0	0.0	0.0	0.0	0.0	0.0
Ef-P10-208	Ef-P10-208_CDS_0130	101055	101489	+	12228	unknown function	hypothetical protein	foldseek	11	939.0	0.826	9.422e-20	0.0	143.0	144.0	0.0	143.0	144.0	foldseek	protein783499	unknown function	0.0	0.0	0.0	0.0	0.0	0.0	0.0	0.0	0.0	0.0	0.0
Ef-P10-208	Ef-P10-208_CDS_0131	101554	101823	+	7245	moron, auxiliary metabolic gene and host takeover	anti-restriction protein	foldseek	11	165.0	0.292	4.305e-04	3.0	66.0	89.0	437.0	500.0	781.0	foldseek	envhog_protein1896422	moron, auxiliary metabolic gene and host takeover	1.0	0.0	0.0	0.0	1.0	0.0	0.0	0.0	0.0	0.0	0.0
Ef-P10-208	Ef-P10-208_CDS_0132	101817	102029	+	27904	unknown function	hypothetical protein	foldseek	11	449.0	0.985	7.423e-12	0.0	69.0	70.0	0.0	69.0	70.0	foldseek	protein838848	unknown function	0.0	0.0	0.0	0.0	0.0	0.0	0.0	0.0	0.0	0.0	0.0
Ef-P10-208	Ef-P10-208_CDS_0133	102026	102331	+	No_PHROG	unknown function	hypothetical protein	none	11																							
Ef-P10-208	Ef-P10-208_CDS_0134	102319	102510	+	5861	unknown function	hypothetical protein	pharokka	11																							
Ef-P10-208	Ef-P10-208_CDS_0135	102523	102882	+	23244	unknown function	hypothetical protein	foldseek	11	700.0	0.941	4.503e-16	0.0	118.0	119.0	0.0	118.0	119.0	foldseek	protein477300	unknown function	0.0	0.0	0.0	0.0	0.0	0.0	0.0	0.0	0.0	0.0	0.0
Ef-P10-208	Ef-P10-208_CDS_0136	102887	102988	+	29866	unknown function	hypothetical protein	pharokka	11																							
Ef-P10-208	Ef-P10-208_CDS_0137	103165	103043	-	No_PHROG	unknown function	hypothetical protein	none	11																							
Ef-P10-208	Ef-P10-208_CDS_0138	103878	104105	+	31670	unknown function	hypothetical protein	foldseek	11	565.0	0.946	2.642e-14	0.0	74.0	75.0	0.0	74.0	75.0	foldseek	protein426811	unknown function	0.0	0.0	0.0	0.0	0.0	0.0	0.0	0.0	0.0	0.0	0.0
Ef-P10-208	Ef-P10-208_CDS_0139	104189	104461	+	28291	unknown function	hypothetical protein	foldseek	11	294.0	0.976	2.461e-09	0.0	84.0	90.0	0.0	84.0	89.0	foldseek	protein274730	unknown function	0.0	0.0	0.0	0.0	0.0	0.0	0.0	0.0	0.0	0.0	0.0
Ef-P10-208	Ef-P10-208_CDS_0140	104497	104808	+	33327	unknown function	hypothetical protein	foldseek	11	681.0	0.99	5.919e-20	0.0	102.0	103.0	0.0	102.0	103.0	foldseek	protein598647	unknown function	0.0	0.0	0.0	0.0	0.0	0.0	0.0	0.0	0.0	0.0	0.0
Ef-P10-208	Ef-P10-208_CDS_0141	104900	105058	+	25320	unknown function	hypothetical protein	foldseek	11	348.0	1.0	3.036e-08	0.0	51.0	52.0	0.0	51.0	52.0	foldseek	protein797000	unknown function	0.0	0.0	0.0	0.0	0.0	0.0	0.0	0.0	0.0	0.0	0.0
Ef-P10-208	Ef-P10-208_CDS_0142	105194	105433	+	27612	unknown function	hypothetical protein	foldseek	11	464.0	1.0	2.677e-12	0.0	78.0	79.0	0.0	78.0	79.0	foldseek	protein330412	unknown function	0.0	0.0	0.0	0.0	0.0	0.0	0.0	0.0	0.0	0.0	0.0
Ef-P10-208	Ef-P10-208_CDS_0143	105540	106235	+	2059	moron, auxiliary metabolic gene and host takeover	anti-restriction protein	foldseek	11	127.0	0.235	1.827e-04	84.0	197.0	231.0	120.0	233.0	1000.0	foldseek	envhog_protein518452_1	moron, auxiliary metabolic gene and host takeover	1.0	0.0	0.0	0.0	1.0	0.0	0.0	0.0	0.0	0.0	0.0
Ef-P10-208	Ef-P10-208_CDS_0144	106342	106485	+	No_PHROG	unknown function	hypothetical protein	none	11																							
Ef-P10-208	Ef-P10-208_CDS_0145	106569	106835	+	20721	unknown function	hypothetical protein	pharokka	11																							
Ef-P10-208	Ef-P10-208_CDS_0146	106908	107006	+	28273	unknown function	hypothetical protein	pharokka	11																							
Ef-P10-208	Ef-P10-208_CDS_0147	107139	107282	+	15914	unknown function	hypothetical protein	foldseek	11	245.0	0.978	3.640e-05	0.0	46.0	47.0	0.0	46.0	47.0	foldseek	protein586752	unknown function	0.0	0.0	0.0	0.0	0.0	0.0	0.0	0.0	0.0	0.0	0.0
Ef-P10-208	Ef-P10-208_CDS_0148	107313	107480	+	No_PHROG	unknown function	hypothetical protein	none	11																							
Ef-P10-208	Ef-P10-208_CDS_0149	107805	107578	-	33420	unknown function	hypothetical protein	foldseek	11	131.0	0.893	8.231e-06	0.0	74.0	75.0	0.0	74.0	75.0	foldseek	protein823581	unknown function	0.0	0.0	0.0	0.0	0.0	0.0	0.0	0.0	0.0	0.0	0.0
Ef-P10-208	Ef-P10-208_CDS_0150	108107	107835	-	No_PHROG	unknown function	hypothetical protein	none	11																							
Ef-P10-208	Ef-P10-208_CDS_0151	108432	108112	-	23671	unknown function	hypothetical protein	foldseek	11	201.0	0.943	1.011e-11	0.0	105.0	106.0	0.0	105.0	106.0	foldseek	protein397947	unknown function	0.0	0.0	0.0	0.0	0.0	0.0	0.0	0.0	0.0	0.0	0.0
Ef-P10-208	Ef-P10-208_CDS_0152	108797	108486	-	2169	moron, auxiliary metabolic gene and host takeover	membrane protein	foldseek	11	558.0	0.932	6.360e-13	0.0	102.0	103.0	0.0	102.0	103.0	foldseek	protein787009	moron, auxiliary metabolic gene and host takeover	1.0	0.0	0.0	0.0	1.0	0.0	0.0	0.0	0.0	0.0	0.0
Ef-P10-208	Ef-P10-208_CDS_0153	109057	108809	-	27713	unknown function	hypothetical protein	foldseek	11	221.0	0.958	7.399e-07	10.0	81.0	82.0	1.0	72.0	73.0	foldseek	protein22387	unknown function	0.0	0.0	0.0	0.0	0.0	0.0	0.0	0.0	0.0	0.0	0.0
Ef-P10-208	Ef-P10-208_CDS_0154	109198	109058	-	14729	unknown function	hypothetical protein	foldseek	11	155.0	1.0	2.748e-05	0.0	41.0	46.0	0.0	41.0	101.0	foldseek	protein750446	unknown function	0.0	0.0	0.0	0.0	0.0	0.0	0.0	0.0	0.0	0.0	0.0
Ef-P10-208	Ef-P10-208_CDS_0155	109192	109290	+	No_PHROG	unknown function	hypothetical protein	none	11																							
Ef-P10-208	Ef-P10-208_CDS_0156	109610	109419	-	24581	unknown function	hypothetical protein	foldseek	11	385.0	1.0	6.506e-10	0.0	62.0	63.0	0.0	62.0	63.0	foldseek	protein81025	unknown function	0.0	0.0	0.0	0.0	0.0	0.0	0.0	0.0	0.0	0.0	0.0
Ef-P10-208	Ef-P10-208_CDS_0157	109878	109654	-	26673	unknown function	hypothetical protein	foldseek	11	466.0	1.0	8.970e-11	0.0	73.0	74.0	0.0	73.0	74.0	foldseek	protein533207	unknown function	0.0	0.0	0.0	0.0	0.0	0.0	0.0	0.0	0.0	0.0	0.0
Ef-P10-208	Ef-P10-208_CDS_0158	110143	109892	-	13036	unknown function	hypothetical protein	foldseek	11	513.0	0.855	7.144e-12	0.0	82.0	83.0	0.0	82.0	83.0	foldseek	protein621066	unknown function	0.0	0.0	0.0	0.0	0.0	0.0	0.0	0.0	0.0	0.0	0.0
Ef-P10-208	Ef-P10-208_CDS_0159	110524	110144	-	37431	unknown function	hypothetical protein	foldseek	11	904.0	0.984	9.736e-23	0.0	125.0	126.0	0.0	125.0	126.0	foldseek	protein605736	unknown function	0.0	0.0	0.0	0.0	0.0	0.0	0.0	0.0	0.0	0.0	0.0
Ef-P10-208	Ef-P10-208_CDS_0160	110703	110545	-	No_PHROG	unknown function	hypothetical protein	none	11																							
Ef-P10-208	Ef-P10-208_CDS_0161	110958	110761	-	8315	unknown function	hypothetical protein	foldseek	11	206.0	1.0	9.731e-09	0.0	64.0	65.0	0.0	64.0	65.0	foldseek	protein189486	unknown function	0.0	0.0	0.0	0.0	0.0	0.0	0.0	0.0	0.0	0.0	0.0
Ef-P10-208	Ef-P10-208_CDS_0162	111473	110958	-	1994	DNA, RNA and nucleotide metabolism	DNA binding protein	foldseek	11	115.0	0.187	2.900e-05	0.0	167.0	171.0	0.0	174.0	347.0	foldseek	envhog_protein1488478	DNA, RNA and nucleotide metabolism	1.0	0.0	0.0	0.0	0.0	1.0	0.0	0.0	0.0	0.0	0.0
Ef-P10-208	Ef-P10-208_CDS_0163	111734	111486	-	13840	unknown function	hypothetical protein	foldseek	11	579.0	1.0	7.780e-14	0.0	81.0	82.0	0.0	81.0	82.0	foldseek	protein196457	unknown function	0.0	0.0	0.0	0.0	0.0	0.0	0.0	0.0	0.0	0.0	0.0
Ef-P10-208	Ef-P10-208_CDS_0164	112271	111747	-	1994	DNA, RNA and nucleotide metabolism	DNA binding protein	foldseek	11	139.0	0.203	6.749e-05	0.0	173.0	174.0	0.0	176.0	347.0	foldseek	envhog_protein1488478	DNA, RNA and nucleotide metabolism	1.0	0.0	0.0	0.0	0.0	1.0	0.0	0.0	0.0	0.0	0.0
Ef-P10-208	Ef-P10-208_CDS_0165	112664	112272	-	1150	unknown function	hypothetical protein	foldseek	11	841.0	0.976	3.856e-23	0.0	129.0	130.0	0.0	129.0	130.0	foldseek	protein430297	unknown function	0.0	0.0	0.0	0.0	0.0	0.0	0.0	0.0	0.0	0.0	0.0
Ef-P10-208	Ef-P10-208_CDS_0166	113016	112657	-	1150	unknown function	hypothetical protein	foldseek	11	720.0	1.0	8.986e-18	0.0	118.0	119.0	0.0	118.0	119.0	foldseek	protein430237	unknown function	0.0	0.0	0.0	0.0	0.0	0.0	0.0	0.0	0.0	0.0	0.0
Ef-P10-208	Ef-P10-208_CDS_0167	113190	113020	-	1997	unknown function	hypothetical protein	foldseek	11	382.0	1.0	9.466e-10	0.0	55.0	56.0	0.0	55.0	56.0	foldseek	protein462567	unknown function	0.0	0.0	0.0	0.0	0.0	0.0	0.0	0.0	0.0	0.0	0.0
Ef-P10-208	Ef-P10-208_CDS_0168	113720	113178	-	986	DNA, RNA and nucleotide metabolism	RNA-binding protein	foldseek	11	429.0	0.585	7.678e-13	87.0	175.0	180.0	43.0	136.0	137.0	foldseek	protein838041	DNA, RNA and nucleotide metabolism	0.999	0.0	0.0	0.001	0.0	0.999	0.0	0.0	0.0	0.0	0.0
Ef-P10-208	Ef-P10-208_CDS_0169	114187	113723	-	25596	unknown function	hypothetical protein	foldseek	11	992.0	0.954	1.751e-26	0.0	153.0	154.0	0.0	153.0	154.0	foldseek	protein507610	unknown function	0.0	0.0	0.0	0.0	0.0	0.0	0.0	0.0	0.0	0.0	0.0
Ef-P10-208	Ef-P10-208_CDS_0170	114654	114184	-	37876	unknown function	hypothetical protein	foldseek	11	382.0	0.961	1.091e-16	0.0	155.0	156.0	0.0	155.0	156.0	foldseek	protein774036	unknown function	0.0	0.0	0.0	0.0	0.0	0.0	0.0	0.0	0.0	0.0	0.0
Ef-P10-208	Ef-P10-208_CDS_0171	114762	114670	-	29819	unknown function	hypothetical protein	pharokka	11																							
Ef-P10-208	Ef-P10-208_CDS_0172	115223	114858	-	18751	unknown function	hypothetical protein	foldseek	11	876.0	1.0	3.048e-21	0.0	120.0	121.0	0.0	120.0	121.0	foldseek	protein428913	unknown function	0.0	0.0	0.0	0.0	0.0	0.0	0.0	0.0	0.0	0.0	0.0
Ef-P10-208	Ef-P10-208_CDS_0173	115402	115220	-	27680	unknown function	hypothetical protein	foldseek	11	208.0	0.879	5.529e-07	2.0	59.0	60.0	1.0	58.0	59.0	foldseek	protein820479	unknown function	0.0	0.0	0.0	0.0	0.0	0.0	0.0	0.0	0.0	0.0	0.0
Ef-P10-208	Ef-P10-208_CDS_0174	115931	115413	-	10183	other	DNA methyltransferase	foldseek	11	641.0	0.409	3.129e-16	0.0	170.0	172.0	3.0	155.0	161.0	foldseek	efam_protein179547	other	0.451	0.323	0.0	0.0	0.0	0.227	0.0	0.0	0.0	0.451	0.0
Ef-P10-208	Ef-P10-208_CDS_0175	116405	115932	-	27332	unknown function	hypothetical protein	foldseek	11	345.0	0.855	1.827e-16	0.0	156.0	157.0	0.0	156.0	157.0	foldseek	protein860123	unknown function	0.0	0.0	0.0	0.0	0.0	0.0	0.0	0.0	0.0	0.0	0.0
Ef-P10-208	Ef-P10-208_CDS_0176	117109	116402	-	21779	head and packaging	minor head protein	foldseek	11	1717.0	0.974	3.791e-46	0.0	234.0	235.0	0.0	234.0	235.0	foldseek	protein752129	head and packaging	1.0	1.0	0.0	0.0	0.0	0.0	0.0	0.0	0.0	0.0	0.0
Ef-P10-208	Ef-P10-208_CDS_0177	117578	117138	-	9516	DNA, RNA and nucleotide metabolism	replication initiation protein	foldseek	11	988.0	0.965	1.825e-28	0.0	145.0	146.0	0.0	145.0	146.0	foldseek	protein519455	DNA, RNA and nucleotide metabolism	0.981	0.019	0.0	0.0	0.0	0.981	0.0	0.0	0.0	0.0	0.0
Ef-P10-208	Ef-P10-208_CDS_0178	117816	117628	-	23831	unknown function	hypothetical protein	foldseek	11	263.0	1.0	7.292e-08	0.0	61.0	62.0	0.0	61.0	62.0	foldseek	protein39106	unknown function	0.0	0.0	0.0	0.0	0.0	0.0	0.0	0.0	0.0	0.0	0.0
Ef-P10-208	Ef-P10-208_CDS_0179	118274	117813	-	9572	other	sulfatase-modifying factor enzyme	foldseek	11	103.0	0.173	4.656e-04	2.0	150.0	153.0	550.0	671.0	689.0	foldseek	envhog_protein1009368	other	1.0	0.0	0.0	0.0	0.0	0.0	0.0	0.0	0.0	1.0	0.0
Ef-P10-208	Ef-P10-208_CDS_0180	118464	118288	-	26236	unknown function	hypothetical protein	foldseek	11	366.0	0.931	6.310e-10	0.0	57.0	58.0	0.0	57.0	58.0	foldseek	protein51258	unknown function	0.0	0.0	0.0	0.0	0.0	0.0	0.0	0.0	0.0	0.0	0.0
Ef-P10-208	Ef-P10-208_CDS_0181	118655	118461	-	3458	unknown function	hypothetical protein	foldseek	11	440.0	0.846	1.221e-11	0.0	63.0	64.0	0.0	64.0	65.0	foldseek	protein809796	unknown function	0.0	0.0	0.0	0.0	0.0	0.0	0.0	0.0	0.0	0.0	0.0
Ef-P10-208	Ef-P10-208_CDS_0182	119089	118652	-	22581	unknown function	hypothetical protein	foldseek	11	770.0	0.896	5.029e-22	0.0	144.0	145.0	0.0	144.0	145.0	foldseek	protein227715	unknown function	0.0	0.0	0.0	0.0	0.0	0.0	0.0	0.0	0.0	0.0	0.0
Ef-P10-208	Ef-P10-208_CDS_0183	119865	119182	-	246	other	NinI-like serine-threonine phosphatase	foldseek	11	1814.0	0.995	1.154e-46	0.0	226.0	227.0	19.0	245.0	246.0	foldseek	protein371082	other	0.948	0.0	0.0	0.0	0.0	0.052	0.0	0.0	0.0	0.948	0.0
Ef-P10-208	Ef-P10-208_CDS_0184	120398	119919	-	25394	unknown function	hypothetical protein	foldseek	11	342.0	0.993	2.077e-13	0.0	158.0	159.0	0.0	158.0	159.0	foldseek	protein588148	unknown function	0.0	0.0	0.0	0.0	0.0	0.0	0.0	0.0	0.0	0.0	0.0
Ef-P10-208	Ef-P10-208_CDS_0185	120653	120402	-	17785	unknown function	hypothetical protein	foldseek	11	613.0	1.0	1.416e-13	0.0	82.0	83.0	0.0	82.0	83.0	foldseek	protein658548	unknown function	0.0	0.0	0.0	0.0	0.0	0.0	0.0	0.0	0.0	0.0	0.0
Ef-P10-208	Ef-P10-208_CDS_0186	121261	120650	-	547	other	phosphoesterase	foldseek	11	1524.0	0.96	7.177e-41	0.0	202.0	203.0	0.0	202.0	203.0	foldseek	protein72356	other	0.73	0.0	0.0	0.003	0.0	0.267	0.0	0.001	0.0	0.73	0.0
Ef-P10-208	Ef-P10-208_CDS_0187	121589	121272	-	2470	moron, auxiliary metabolic gene and host takeover	membrane protein	foldseek	11	695.0	0.99	1.778e-14	0.0	104.0	105.0	11.0	115.0	116.0	foldseek	protein409708	moron, auxiliary metabolic gene and host takeover	1.0	0.0	0.0	0.0	1.0	0.0	0.0	0.0	0.0	0.0	0.0
Ef-P10-208	Ef-P10-208_CDS_0188	121735	121619	-	13234	unknown function	hypothetical protein	foldseek	11	202.0	0.973	3.567e-05	0.0	37.0	38.0	0.0	37.0	38.0	foldseek	protein613053	unknown function	0.0	0.0	0.0	0.0	0.0	0.0	0.0	0.0	0.0	0.0	0.0
Ef-P10-208	Ef-P10-208_CDS_0189	121961	121749	-	9655	unknown function	hypothetical protein	foldseek	11	585.0	1.0	7.118e-15	0.0	69.0	70.0	0.0	69.0	70.0	foldseek	protein274175	unknown function	0.0	0.0	0.0	0.0	0.0	0.0	0.0	0.0	0.0	0.0	0.0
Ef-P10-208	Ef-P10-208_CDS_0190	122455	122042	-	3523	unknown function	hypothetical protein	foldseek	11	963.0	1.0	2.828e-25	0.0	136.0	137.0	0.0	136.0	137.0	foldseek	protein28159	unknown function	0.0	0.0	0.0	0.0	0.0	0.0	0.0	0.0	0.0	0.0	0.0
Ef-P10-208	Ef-P10-208_CDS_0191	122843	122460	-	16833	unknown function	hypothetical protein	foldseek	11	504.0	0.96	4.282e-19	0.0	126.0	127.0	0.0	126.0	128.0	foldseek	protein616170	unknown function	0.0	0.0	0.0	0.0	0.0	0.0	0.0	0.0	0.0	0.0	0.0
Ef-P10-208	Ef-P10-208_CDS_0192	123497	122910	-	3523	unknown function	hypothetical protein	foldseek	11	601.0	0.555	1.739e-23	0.0	194.0	195.0	10.0	295.0	296.0	foldseek	protein28186	unknown function	0.0	0.0	0.0	0.0	0.0	0.0	0.0	0.0	0.0	0.0	0.0
Ef-P10-208	Ef-P10-208_CDS_0193	123760	123587	-	36572	unknown function	hypothetical protein	foldseek	11	262.0	0.982	2.529e-07	0.0	56.0	57.0	0.0	56.0	57.0	foldseek	protein808553	unknown function	0.0	0.0	0.0	0.0	0.0	0.0	0.0	0.0	0.0	0.0	0.0
Ef-P10-208	Ef-P10-208_CDS_0194	124094	123750	-	38641	unknown function	hypothetical protein	foldseek	11	543.0	0.991	1.115e-13	0.0	113.0	114.0	0.0	113.0	114.0	foldseek	protein411302	unknown function	0.0	0.0	0.0	0.0	0.0	0.0	0.0	0.0	0.0	0.0	0.0
Ef-P10-208	Ef-P10-208_CDS_0195	124348	124094	-	8623	unknown function	hypothetical protein	foldseek	11	664.0	1.0	1.906e-15	0.0	83.0	84.0	0.0	83.0	84.0	foldseek	protein468882	unknown function	0.0	0.0	0.0	0.0	0.0	0.0	0.0	0.0	0.0	0.0	0.0
Ef-P10-208	Ef-P10-208_CDS_0196	124583	124329	-	17548	unknown function	hypothetical protein	foldseek	11	424.0	0.988	5.409e-12	0.0	83.0	84.0	0.0	83.0	84.0	foldseek	protein172383	unknown function	0.0	0.0	0.0	0.0	0.0	0.0	0.0	0.0	0.0	0.0	0.0
Ef-P10-208	Ef-P10-208_CDS_0197	124929	124594	-	27394	unknown function	hypothetical protein	foldseek	11	827.0	0.99	6.021e-22	0.0	110.0	111.0	0.0	110.0	111.0	foldseek	protein538133	unknown function	0.0	0.0	0.0	0.0	0.0	0.0	0.0	0.0	0.0	0.0	0.0
Ef-P10-208	Ef-P10-208_CDS_0198	125341	124904	-	121	unknown function	hypothetical protein	foldseek	11	722.0	0.937	1.615e-22	0.0	144.0	145.0	0.0	144.0	145.0	foldseek	protein329239	unknown function	0.0	0.0	0.0	0.0	0.0	0.0	0.0	0.0	0.0	0.0	0.0
Ef-P10-208	Ef-P10-208_CDS_0199	125818	125357	-	20281	unknown function	hypothetical protein	foldseek	11	1142.0	0.973	1.128e-28	0.0	152.0	153.0	0.0	152.0	153.0	foldseek	protein22143	unknown function	0.0	0.0	0.0	0.0	0.0	0.0	0.0	0.0	0.0	0.0	0.0
Ef-P10-208	Ef-P10-208_CDS_0200	126065	125811	-	No_PHROG	unknown function	hypothetical protein	none	11																							
Ef-P10-208	Ef-P10-208_CDS_0201	126287	126066	-	24237	unknown function	hypothetical protein	foldseek	11	435.0	0.909	1.615e-09	0.0	65.0	73.0	0.0	65.0	72.0	foldseek	protein182586	unknown function	0.0	0.0	0.0	0.0	0.0	0.0	0.0	0.0	0.0	0.0	0.0
Ef-P10-208	Ef-P10-208_CDS_0202	126706	126275	-	24145	unknown function	hypothetical protein	foldseek	11	872.0	0.986	1.730e-23	0.0	142.0	143.0	0.0	142.0	143.0	foldseek	protein44333	unknown function	0.0	0.0	0.0	0.0	0.0	0.0	0.0	0.0	0.0	0.0	0.0
Ef-P10-208	Ef-P10-208_CDS_0203	126939	126709	-	11679	unknown function	hypothetical protein	foldseek	11	523.0	0.947	1.639e-13	0.0	75.0	76.0	0.0	75.0	76.0	foldseek	protein747246	unknown function	0.0	0.0	0.0	0.0	0.0	0.0	0.0	0.0	0.0	0.0	0.0
Ef-P10-208	Ef-P10-208_CDS_0204	127367	126936	-	23082	unknown function	hypothetical protein	foldseek	11	776.0	1.0	3.967e-23	0.0	142.0	143.0	0.0	142.0	143.0	foldseek	protein572716	unknown function	0.0	0.0	0.0	0.0	0.0	0.0	0.0	0.0	0.0	0.0	0.0
Ef-P10-208	Ef-P10-208_CDS_0205	127524	127372	-	31896	unknown function	hypothetical protein	foldseek	11	175.0	0.98	7.447e-04	0.0	49.0	50.0	0.0	49.0	50.0	foldseek	protein353020	unknown function	0.0	0.0	0.0	0.0	0.0	0.0	0.0	0.0	0.0	0.0	0.0
Ef-P10-208	Ef-P10-208_CDS_0206	128471	127524	-	160	DNA, RNA and nucleotide metabolism	thymidylate synthase	foldseek	11	2776.0	0.993	1.699e-71	0.0	314.0	315.0	0.0	314.0	315.0	foldseek	protein708307	DNA, RNA and nucleotide metabolism	0.999	0.0	0.0	0.0	0.0	0.999	0.0	0.0	0.0	0.001	0.0
Ef-P10-208	Ef-P10-208_CDS_0207	128909	128523	-	1934	unknown function	hypothetical protein	foldseek	11	1055.0	1.0	2.418e-26	0.0	127.0	128.0	0.0	127.0	128.0	foldseek	protein717149	unknown function	0.0	0.0	0.0	0.0	0.0	0.0	0.0	0.0	0.0	0.0	0.0
Ef-P10-208	Ef-P10-208_CDS_0208	129151	129002	-	25022	unknown function	hypothetical protein	pharokka	11																							
Ef-P10-208	Ef-P10-208_CDS_0209	130008	129151	-	200	other	lipoprotein	foldseek	11	1974.0	1.0	1.844e-49	0.0	284.0	285.0	0.0	284.0	285.0	foldseek	protein729137	other	1.0	0.0	0.0	0.0	0.0	0.0	0.0	0.0	0.0	1.0	0.0
Ef-P10-208	Ef-P10-208_CDS_0210	131152	130169	-	86	DNA, RNA and nucleotide metabolism	ribonucleoside diphosphate reductase small subunit	foldseek	11	2224.0	1.0	2.015e-40	0.0	326.0	327.0	0.0	326.0	327.0	foldseek	protein664985	DNA, RNA and nucleotide metabolism	1.0	0.0	0.0	0.0	0.0	1.0	0.0	0.0	0.0	0.0	0.0
Ef-P10-208	Ef-P10-208_CDS_0211	133315	131165	-	84	DNA, RNA and nucleotide metabolism	ribonucleoside-diphosphate reductase large subunit	foldseek	11	5697.0	0.991	0.000e+00	0.0	715.0	716.0	0.0	715.0	716.0	foldseek	protein756765	DNA, RNA and nucleotide metabolism	0.974	0.0	0.0	0.0	0.026	0.974	0.0	0.0	0.0	0.0	0.0
Ef-P10-208	Ef-P10-208_CDS_0212	133560	133318	-	22	DNA, RNA and nucleotide metabolism	thioredoxin domain	foldseek	11	624.0	0.987	3.969e-16	0.0	79.0	80.0	0.0	79.0	80.0	foldseek	protein643901	DNA, RNA and nucleotide metabolism	0.996	0.0	0.0	0.0	0.0	0.996	0.0	0.0	0.0	0.004	0.0
Ef-P10-208	Ef-P10-208_CDS_0213	133894	133688	-	21429	unknown function	hypothetical protein	foldseek	11	148.0	0.984	1.345e-06	3.0	67.0	68.0	23.0	87.0	88.0	foldseek	protein182665	unknown function	0.0	0.0	0.0	0.0	0.0	0.0	0.0	0.0	0.0	0.0	0.0
Ef-P10-208	Ef-P10-208_CDS_0214	134265	133960	-	18903	unknown function	hypothetical protein	pharokka	11																							
Ef-P10-208	Ef-P10-208_CDS_0215	134586	134356	-	3	transcription regulation	transcriptional repressor	foldseek	11	534.0	0.973	4.937e-13	0.0	75.0	76.0	0.0	75.0	76.0	foldseek	protein413711	transcription regulation	0.905	0.0	0.0	0.0	0.001	0.071	0.0	0.905	0.0	0.0	0.0
Ef-P10-208	Ef-P10-208_CDS_0216	134874	134650	-	6885	unknown function	hypothetical protein	foldseek	11	577.0	1.0	1.861e-13	0.0	73.0	74.0	0.0	73.0	74.0	foldseek	protein179962	unknown function	0.0	0.0	0.0	0.0	0.0	0.0	0.0	0.0	0.0	0.0	0.0
Ef-P10-208	Ef-P10-208_CDS_0217	135269	134985	-	9473	unknown function	hypothetical protein	foldseek	11	171.0	0.265	1.036e-04	0.0	88.0	94.0	0.0	86.0	88.0	foldseek	protein562985	unknown function	0.0	0.0	0.0	0.0	0.0	0.0	0.0	0.0	0.0	0.0	0.0
Ef-P10-208	Ef-P10-208_CDS_0218	136509	135418	-	2376	other	ATPase	foldseek	11	2958.0	0.991	2.273e-77	0.0	362.0	363.0	0.0	362.0	363.0	foldseek	protein127759	DNA, RNA and nucleotide metabolism	0.41	0.005	0.06	0.0	0.194	0.41	0.0	0.0	0.0	0.329	0.0
Ef-P10-208	Ef-P10-208_CDS_0219	136731	136576	-	No_PHROG	unknown function	hypothetical protein	none	11																							
Ef-P10-208	Ef-P10-208_CDS_0220	137545	137399	-	No_PHROG	unknown function	hypothetical protein	none	11																							
Ef-P10-208	Ef-P10-208_CDS_0221	137550	137657	+	No_PHROG	unknown function	hypothetical protein	none	11																							
Ef-P10-208	Ef-P10-208_CDS_0222	137662	137844	+	No_PHROG	unknown function	hypothetical protein	none	11																							
Ef-P10-208	Ef-P10-208_CDS_0223	138320	138448	+	No_PHROG	unknown function	hypothetical protein	none	11																							
Ef-P10-208	Ef-P10-208_CDS_0224	138732	138854	+	No_PHROG	unknown function	hypothetical protein	none	11																							
Ef-P10-208	Ef-P10-208_CDS_0225	138944	139054	+	No_PHROG	unknown function	hypothetical protein	none	11																							
Ef-P10-208	Ef-P10-208_CDS_0226	139333	139434	+	No_PHROG	unknown function	hypothetical protein	none	11																							
Ef-P10-208	Ef-P10-208_CDS_0227	139391	139513	+	No_PHROG	unknown function	hypothetical protein	none	11																							
Ef-P10-208	Ef-P10-208_CDS_0228	139828	139983	+	No_PHROG	unknown function	hypothetical protein	none	11																							
Ef-P10-208	Ef-P10-208_CDS_0229	140090	140200	+	No_PHROG	unknown function	hypothetical protein	none	11																							
Ef-P10-208	Ef-P10-208_CDS_0230	140262	140354	+	No_PHROG	unknown function	hypothetical protein	none	11																							
Ef-P10-208	Ef-P10-208_CDS_0231	140438	140530	+	No_PHROG	unknown function	hypothetical protein	none	11																							
Ef-P10-208	Ef-P10-208_CDS_0232	140985	140647	-	17190	head and packaging	virion structural protein	foldseek	11	930.0	0.991	1.641e-22	0.0	111.0	112.0	0.0	111.0	112.0	foldseek	protein792508	head and packaging	1.0	1.0	0.0	0.0	0.0	0.0	0.0	0.0	0.0	0.0	0.0
Ef-P10-208	Ef-P10-208_CDS_0233	141393	141049	-	937	other	hemolysin	foldseek	11	606.0	1.0	1.861e-13	0.0	113.0	114.0	14.0	127.0	128.0	foldseek	protein472059	other	1.0	0.0	0.0	0.0	0.0	0.0	0.0	0.0	0.0	1.0	0.0
Ef-P10-208	Ef-P10-208_CDS_0234	141688	141428	-	17817	moron, auxiliary metabolic gene and host takeover	membrane protein	foldseek	11	469.0	1.0	4.856e-11	0.0	85.0	86.0	0.0	85.0	86.0	foldseek	protein740055	moron, auxiliary metabolic gene and host takeover	1.0	0.0	0.0	0.0	1.0	0.0	0.0	0.0	0.0	0.0	0.0
Ef-P10-208	Ef-P10-208_CDS_0235	141805	142074	+	3045	moron, auxiliary metabolic gene and host takeover	membrane protein	foldseek	11	409.0	1.0	1.491e-11	0.0	88.0	89.0	0.0	88.0	89.0	foldseek	protein74625	moron, auxiliary metabolic gene and host takeover	1.0	0.0	0.0	0.0	1.0	0.0	0.0	0.0	0.0	0.0	0.0
Ef-P10-208	Ef-P10-208_CDS_0236	142095	142373	+	1321	unknown function	hypothetical protein	foldseek	11	696.0	0.989	4.820e-18	0.0	91.0	92.0	0.0	91.0	92.0	foldseek	protein25772	unknown function	0.0	0.0	0.0	0.0	0.0	0.0	0.0	0.0	0.0	0.0	0.0
Ef-P10-208	Ef-P10-208_CDS_0237	142377	142805	+	1063	head and packaging	terminase small subunit	foldseek	11	646.0	1.0	6.571e-22	0.0	141.0	142.0	0.0	141.0	142.0	foldseek	protein695641	head and packaging	1.0	1.0	0.0	0.0	0.0	0.0	0.0	0.0	0.0	0.0	0.0
Ef-P10-208	Ef-P10-208_CDS_0238	142805	143173	+	9315	head and packaging	terminase large subunit	foldseek	11	764.0	1.0	2.285e-17	0.0	121.0	122.0	0.0	121.0	122.0	foldseek	protein563344	head and packaging	1.0	1.0	0.0	0.0	0.0	0.0	0.0	0.0	0.0	0.0	0.0
Ef-P10-208	Ef-P10-208_CDS_0239	143456	143319	-	No_PHROG	unknown function	hypothetical protein	none	11																							
