gene	start	stop	frame	contig	score	mmseqs_phrog	mmseqs_alnScore	mmseqs_seqIdentity	mmseqs_eVal	mmseqs_top_hit	pyhmmer_phrog	pyhmmer_bitscore	pyhmmer_evalue	custom_hmm_id	custom_hmm_bitscore	custom_hmm_evalue	phrog	Method	Region	color	annot	category	vfdb_hit	vfdb_alnScore	vfdb_seqIdentity	vfdb_eVal	vfdb_short_name	vfdb_description	vfdb_species	CARD_hit	CARD_alnScore	CARD_seqIdentity	CARD_eVal	CARD_species	ARO_Accession	CARD_short_name	Protein_Accession	DNA_Accession	AMR_Gene_Family	Drug_Class	Resistance_Mechanism	transl_table
Ef-P16-208_CDS_0001	34	1506	+	Ef-P16-208	-437519708016.09985	No_MMseqs	No_MMseqs	No_MMseqs	No_MMseqs	No_MMseqs_PHROG_hit	675	658.478088	1.451590178739374e-197	No_custom_HMM	No_custom_HMM	No_custom_HMM	675	PHANOTATE_1.5.1	CDS	#3e83f6	terminase large subunit	head and packaging	None	None	None	None	None	None	None	None	None	None	None	None	None	None	None	None	None	None	None	11
Ef-P16-208_CDS_0002	1606	2394	+	Ef-P16-208	-20923223.06578972	No_MMseqs	No_MMseqs	No_MMseqs	No_MMseqs	No_MMseqs_PHROG_hit	1917	304.343109	2.010522688611688e-90	No_custom_HMM	No_custom_HMM	No_custom_HMM	1917	PHANOTATE_1.5.1	CDS	#3e83f6	virion structural protein	head and packaging	None	None	None	None	None	None	None	None	None	None	None	None	None	None	None	None	None	None	None	11
Ef-P16-208_CDS_0003	2499	3215	+	Ef-P16-208	-10032687.420556396	No_MMseqs	No_MMseqs	No_MMseqs	No_MMseqs	No_MMseqs_PHROG_hit	1116	193.523071	8.483111706179694e-57	No_custom_HMM	No_custom_HMM	No_custom_HMM	1116	PHANOTATE_1.5.1	CDS	#c9c9c9	hypothetical protein	unknown function	None	None	None	None	None	None	None	None	None	None	None	None	None	None	None	None	None	None	None	11
Ef-P16-208_CDS_0004	3205	3549	+	Ef-P16-208	-3246.5490032407984	No_MMseqs	No_MMseqs	No_MMseqs	No_MMseqs	No_MMseqs_PHROG_hit	13357	192.211487	3.8147218881521487e-57	No_custom_HMM	No_custom_HMM	No_custom_HMM	13357	PHANOTATE_1.5.1	CDS	#c9c9c9	hypothetical protein	unknown function	None	None	None	None	None	None	None	None	None	None	None	None	None	None	None	None	None	None	None	11
Ef-P16-208_CDS_0005	3643	4512	+	Ef-P16-208	-12587789.675365416	No_MMseqs	No_MMseqs	No_MMseqs	No_MMseqs	No_MMseqs_PHROG_hit	833	203.756729	9.42841261886709e-60	No_custom_HMM	No_custom_HMM	No_custom_HMM	833	PHANOTATE_1.5.1	CDS	#f35f49	endolysin	lysis	None	None	None	None	None	None	None	None	None	None	None	None	None	None	None	None	None	None	None	11
Ef-P16-208_CDS_0006	4679	5317	+	Ef-P16-208	-34110.601520368116	No_MMseqs	No_MMseqs	No_MMseqs	No_MMseqs	No_MMseqs_PHROG_hit	4602	231.562057	2.0496500410853413e-68	No_custom_HMM	No_custom_HMM	No_custom_HMM	4602	PHANOTATE_1.5.1	CDS	#838383	transglycosylase	other	None	None	None	None	None	None	None	None	None	None	None	None	None	None	None	None	None	None	None	11
Ef-P16-208_CDS_0007	5459	5803	+	Ef-P16-208	-3248.6940816638753	No_MMseqs	No_MMseqs	No_MMseqs	No_MMseqs	No_MMseqs_PHROG_hit	1108	107.532021	7.60759669957457e-31	No_custom_HMM	No_custom_HMM	No_custom_HMM	1108	PHANOTATE_1.5.1	CDS	#3e83f6	portal protein	head and packaging	None	None	None	None	None	None	None	None	None	None	None	None	None	None	None	None	None	None	None	11
Ef-P16-208_CDS_0008	5984	5889	-	Ef-P16-208	-0.1102074027349343	No_MMseqs	No_MMseqs	No_MMseqs	No_MMseqs	No_MMseqs_PHROG_hit	No_PHROGs_HMM	No_PHROGs_HMM	No_PHROGs_HMM	No_custom_HMM	No_custom_HMM	No_custom_HMM	No_PHROGs_HMM	PHANOTATE_1.5.1	CDS	None	hypothetical protein	unknown function	None	None	None	None	None	None	None	None	None	None	None	None	None	None	None	None	None	None	None	11
Ef-P16-208_CDS_0009	6013	7542	+	Ef-P16-208	-645806045389039.9	No_MMseqs	No_MMseqs	No_MMseqs	No_MMseqs	No_MMseqs_PHROG_hit	15361	403.399109	1.3453615393223186e-120	No_custom_HMM	No_custom_HMM	No_custom_HMM	15361	PHANOTATE_1.5.1	CDS	#3e83f6	portal protein	head and packaging	None	None	None	None	None	None	None	None	None	None	None	None	None	None	None	None	None	None	None	11
Ef-P16-208_CDS_0010	7549	7662	+	Ef-P16-208	-2.077540963286562	No_MMseqs	No_MMseqs	No_MMseqs	No_MMseqs	No_MMseqs_PHROG_hit	No_PHROGs_HMM	No_PHROGs_HMM	No_PHROGs_HMM	No_custom_HMM	No_custom_HMM	No_custom_HMM	No_PHROGs_HMM	PHANOTATE_1.5.1	CDS	None	hypothetical protein	unknown function	None	None	None	None	None	None	None	None	None	None	None	None	None	None	None	None	None	None	None	11
Ef-P16-208_CDS_0011	7637	8440	+	Ef-P16-208	-7390728.19776051	No_MMseqs	No_MMseqs	No_MMseqs	No_MMseqs	No_MMseqs_PHROG_hit	1028	470.658203	2.626369175295857e-140	No_custom_HMM	No_custom_HMM	No_custom_HMM	1028	PHANOTATE_1.5.1	CDS	#3e83f6	head maturation protease	head and packaging	None	None	None	None	None	None	None	None	None	None	None	None	None	None	None	None	None	None	None	11
Ef-P16-208_CDS_0012	8447	9385	+	Ef-P16-208	-592114243.4957095	No_MMseqs	No_MMseqs	No_MMseqs	No_MMseqs	No_MMseqs_PHROG_hit	1133	138.186661	8.835003634607675e-40	No_custom_HMM	No_custom_HMM	No_custom_HMM	1133	PHANOTATE_1.5.1	CDS	#c9c9c9	hypothetical protein	unknown function	None	None	None	None	None	None	None	None	None	None	None	None	None	None	None	None	None	None	None	11
Ef-P16-208_CDS_0013	9526	10920	+	Ef-P16-208	-20475856755283.53	No_MMseqs	No_MMseqs	No_MMseqs	No_MMseqs	No_MMseqs_PHROG_hit	752	668.792969	9.382802739242363e-201	No_custom_HMM	No_custom_HMM	No_custom_HMM	752	PHANOTATE_1.5.1	CDS	#3e83f6	major head protein	head and packaging	None	None	None	None	None	None	None	None	None	None	None	None	None	None	None	None	None	None	None	11
Ef-P16-208_CDS_0014	11025	11288	+	Ef-P16-208	-1712.9699256695312	No_MMseqs	No_MMseqs	No_MMseqs	No_MMseqs	No_MMseqs_PHROG_hit	1205	80.482674	2.0972880940311798e-22	No_custom_HMM	No_custom_HMM	No_custom_HMM	1205	PHANOTATE_1.5.1	CDS	#c9c9c9	hypothetical protein	unknown function	None	None	None	None	None	None	None	None	None	None	None	None	None	None	None	None	None	None	None	11
Ef-P16-208_CDS_0015	11301	12200	+	Ef-P16-208	-1258645576.8632195	No_MMseqs	No_MMseqs	No_MMseqs	No_MMseqs	No_MMseqs_PHROG_hit	772	437.433136	5.709060164697703e-131	No_custom_HMM	No_custom_HMM	No_custom_HMM	772	PHANOTATE_1.5.1	CDS	#07e9a2	tail fiber protein	tail	None	None	None	None	None	None	None	None	None	None	None	None	None	None	None	None	None	None	None	11
Ef-P16-208_CDS_0016	12220	13089	+	Ef-P16-208	-45820345.76111895	No_MMseqs	No_MMseqs	No_MMseqs	No_MMseqs	No_MMseqs_PHROG_hit	1004	358.724518	3.2755485760714825e-107	No_custom_HMM	No_custom_HMM	No_custom_HMM	1004	PHANOTATE_1.5.1	CDS	#3e83f6	virion structural protein	head and packaging	None	None	None	None	None	None	None	None	None	None	None	None	None	None	None	None	None	None	None	11
Ef-P16-208_CDS_0017	13082	13705	+	Ef-P16-208	-22070.313957085207	No_MMseqs	No_MMseqs	No_MMseqs	No_MMseqs	No_MMseqs_PHROG_hit	1127	267.634796	1.401494269845218e-79	No_custom_HMM	No_custom_HMM	No_custom_HMM	1127	PHANOTATE_1.5.1	CDS	#c9c9c9	hypothetical protein	unknown function	None	None	None	None	None	None	None	None	None	None	None	None	None	None	None	None	None	None	None	11
Ef-P16-208_CDS_0018	13709	14554	+	Ef-P16-208	-1577148158.9869156	No_MMseqs	No_MMseqs	No_MMseqs	No_MMseqs	No_MMseqs_PHROG_hit	1000	335.601379	4.98872004794741e-100	No_custom_HMM	No_custom_HMM	No_custom_HMM	1000	PHANOTATE_1.5.1	CDS	#c9c9c9	hypothetical protein	unknown function	None	None	None	None	None	None	None	None	None	None	None	None	None	None	None	None	None	None	None	11
Ef-P16-208_CDS_0019	14554	14787	+	Ef-P16-208	-229.00186002667957	No_MMseqs	No_MMseqs	No_MMseqs	No_MMseqs	No_MMseqs_PHROG_hit	1151	97.120598	9.51098617038726e-28	No_custom_HMM	No_custom_HMM	No_custom_HMM	1151	PHANOTATE_1.5.1	CDS	#c9c9c9	hypothetical protein	unknown function	None	None	None	None	None	None	None	None	None	None	None	None	None	None	None	None	None	None	None	11
Ef-P16-208_CDS_0020	14791	16500	+	Ef-P16-208	-229352518014889.25	No_MMseqs	No_MMseqs	No_MMseqs	No_MMseqs	No_MMseqs_PHROG_hit	279	455.574768	4.1146407484122145e-136	No_custom_HMM	No_custom_HMM	No_custom_HMM	279	PHANOTATE_1.5.1	CDS	#07e9a2	tail sheath	tail	None	None	None	None	None	None	None	None	None	None	None	None	None	None	None	None	None	None	None	11
Ef-P16-208_CDS_0021	16561	16953	+	Ef-P16-208	-7382.984918968104	No_MMseqs	No_MMseqs	No_MMseqs	No_MMseqs	No_MMseqs_PHROG_hit	985	221.128265	7.564110373988676e-66	No_custom_HMM	No_custom_HMM	No_custom_HMM	985	PHANOTATE_1.5.1	CDS	#3e83f6	virion structural protein	head and packaging	None	None	None	None	None	None	None	None	None	None	None	None	None	None	None	None	None	None	None	11
Ef-P16-208_CDS_0022	17135	16971	-	Ef-P16-208	-0.0937262917458605	No_MMseqs	No_MMseqs	No_MMseqs	No_MMseqs	No_MMseqs_PHROG_hit	No_PHROGs_HMM	No_PHROGs_HMM	No_PHROGs_HMM	No_custom_HMM	No_custom_HMM	No_custom_HMM	No_PHROGs_HMM	PHANOTATE_1.5.1	CDS	None	hypothetical protein	unknown function	None	None	None	None	None	None	None	None	None	None	None	None	None	None	None	None	None	None	None	11
Ef-P16-208_CDS_0023	17280	17435	+	Ef-P16-208	-1.5017627457806029	No_MMseqs	No_MMseqs	No_MMseqs	No_MMseqs	No_MMseqs_PHROG_hit	No_PHROGs_HMM	No_PHROGs_HMM	No_PHROGs_HMM	No_custom_HMM	No_custom_HMM	No_custom_HMM	No_PHROGs_HMM	PHANOTATE_1.5.1	CDS	None	hypothetical protein	unknown function	None	None	None	None	None	None	None	None	None	None	None	None	None	None	None	None	None	None	None	11
Ef-P16-208_CDS_0024	17461	17607	+	Ef-P16-208	-76.52980446753395	No_MMseqs	No_MMseqs	No_MMseqs	No_MMseqs	No_MMseqs_PHROG_hit	1382	50.258041	2.6987318212806707e-13	No_custom_HMM	No_custom_HMM	No_custom_HMM	1382	PHANOTATE_1.5.1	CDS	#c9c9c9	hypothetical protein	unknown function	None	None	None	None	None	None	None	None	None	None	None	None	None	None	None	None	None	None	None	11
Ef-P16-208_CDS_0025	17744	18217	+	Ef-P16-208	-2777969.9100170634	No_MMseqs	No_MMseqs	No_MMseqs	No_MMseqs	No_MMseqs_PHROG_hit	1038	192.36644	6.87703303349759e-57	No_custom_HMM	No_custom_HMM	No_custom_HMM	1038	PHANOTATE_1.5.1	CDS	#07e9a2	tail assembly chaperone	tail	None	None	None	None	None	None	None	None	None	None	None	None	None	None	None	None	None	None	None	11
Ef-P16-208_CDS_0026	18285	18860	+	Ef-P16-208	-58642.98826675282	No_MMseqs	No_MMseqs	No_MMseqs	No_MMseqs	No_MMseqs_PHROG_hit	1316	184.682693	3.4546702627560475e-54	No_custom_HMM	No_custom_HMM	No_custom_HMM	1316	PHANOTATE_1.5.1	CDS	#ffdf59	RNA polymerase beta subunit	DNA, RNA and nucleotide metabolism	None	None	None	None	None	None	None	None	None	None	None	None	None	None	None	None	None	None	None	11
Ef-P16-208_CDS_0027	18905	22561	+	Ef-P16-208	-3.2453358750842926e+29	No_MMseqs	No_MMseqs	No_MMseqs	No_MMseqs	No_MMseqs_PHROG_hit	1047	1204.481934	0.0	No_custom_HMM	No_custom_HMM	No_custom_HMM	1047	PHANOTATE_1.5.1	CDS	#07e9a2	tail associated lysin	tail	None	None	None	None	None	None	None	None	None	None	None	None	None	None	None	None	None	None	None	11
Ef-P16-208_CDS_0028	22600	25785	+	Ef-P16-208	-2.362001140534136e+28	No_MMseqs	No_MMseqs	No_MMseqs	No_MMseqs	No_MMseqs_PHROG_hit	1015	940.523865	2.001923041643596e-282	No_custom_HMM	No_custom_HMM	No_custom_HMM	1015	PHANOTATE_1.5.1	CDS	#07e9a2	tail protein with lysin activity	tail	None	None	None	None	None	None	None	None	None	None	None	None	None	None	None	None	None	None	None	11
Ef-P16-208_CDS_0029	25851	31349	+	Ef-P16-208	-7.249398882388934e+45	No_MMseqs	No_MMseqs	No_MMseqs	No_MMseqs	No_MMseqs_PHROG_hit	2929	1800.810425	0.0	No_custom_HMM	No_custom_HMM	No_custom_HMM	2929	PHANOTATE_1.5.1	CDS	#07e9a2	tail fiber protein	tail	None	None	None	None	None	None	None	None	None	None	None	None	None	None	None	None	None	None	None	11
Ef-P16-208_CDS_0030	31449	33860	+	Ef-P16-208	-277625169562.03094	No_MMseqs	No_MMseqs	No_MMseqs	No_MMseqs	No_MMseqs_PHROG_hit	372	494.317444	1.59012604665087e-147	No_custom_HMM	No_custom_HMM	No_custom_HMM	372	PHANOTATE_1.5.1	CDS	#07e9a2	tail protein	tail	None	None	None	None	None	None	None	None	None	None	None	None	None	None	None	None	None	None	None	11
Ef-P16-208_CDS_0031	33854	34579	+	Ef-P16-208	-460928310.8409121	No_MMseqs	No_MMseqs	No_MMseqs	No_MMseqs	No_MMseqs_PHROG_hit	1348	142.038498	4.4121401122250654e-41	No_custom_HMM	No_custom_HMM	No_custom_HMM	1348	PHANOTATE_1.5.1	CDS	#07e9a2	tail fiber protein	tail	None	None	None	None	None	None	None	None	None	None	None	None	None	None	None	None	None	None	None	11
Ef-P16-208_CDS_0032	34611	34757	+	Ef-P16-208	-28.797572129096217	No_MMseqs	No_MMseqs	No_MMseqs	No_MMseqs	No_MMseqs_PHROG_hit	1382	57.863758	1.1362036297027984e-15	No_custom_HMM	No_custom_HMM	No_custom_HMM	1382	PHANOTATE_1.5.1	CDS	#c9c9c9	hypothetical protein	unknown function	None	None	None	None	None	None	None	None	None	None	None	None	None	None	None	None	None	None	None	11
Ef-P16-208_CDS_0033	34832	34927	+	Ef-P16-208	-0.0885697725419661	No_MMseqs	No_MMseqs	No_MMseqs	No_MMseqs	No_MMseqs_PHROG_hit	No_PHROGs_HMM	No_PHROGs_HMM	No_PHROGs_HMM	No_custom_HMM	No_custom_HMM	No_custom_HMM	No_PHROGs_HMM	PHANOTATE_1.5.1	CDS	None	hypothetical protein	unknown function	None	None	None	None	None	None	None	None	None	None	None	None	None	None	None	None	None	None	None	11
Ef-P16-208_CDS_0034	34894	35583	+	Ef-P16-208	-34476468.74241025	No_MMseqs	No_MMseqs	No_MMseqs	No_MMseqs	No_MMseqs_PHROG_hit	1011	319.048157	1.1177253302591072e-94	No_custom_HMM	No_custom_HMM	No_custom_HMM	1011	PHANOTATE_1.5.1	CDS	#3e83f6	virion structural protein	head and packaging	None	None	None	None	None	None	None	None	None	None	None	None	None	None	None	None	None	None	None	11
Ef-P16-208_CDS_0035	35587	36123	+	Ef-P16-208	-340664.9769611314	No_MMseqs	No_MMseqs	No_MMseqs	No_MMseqs	No_MMseqs_PHROG_hit	1073	207.549713	1.9066328002855442e-61	No_custom_HMM	No_custom_HMM	No_custom_HMM	1073	PHANOTATE_1.5.1	CDS	#c9c9c9	hypothetical protein	unknown function	None	None	None	None	None	None	None	None	None	None	None	None	None	None	None	None	None	None	None	11
Ef-P16-208_CDS_0036	36110	36814	+	Ef-P16-208	-3928920.00400566	No_MMseqs	No_MMseqs	No_MMseqs	No_MMseqs	No_MMseqs_PHROG_hit	975	301.615356	5.542906584617126e-90	No_custom_HMM	No_custom_HMM	No_custom_HMM	975	PHANOTATE_1.5.1	CDS	#07e9a2	baseplate protein	tail	None	None	None	None	None	None	None	None	None	None	None	None	None	None	None	None	None	None	None	11
Ef-P16-208_CDS_0037	36830	37882	+	Ef-P16-208	-16723484080.677109	No_MMseqs	No_MMseqs	No_MMseqs	No_MMseqs	No_MMseqs_PHROG_hit	6	187.040604	1.1018330438136942e-54	No_custom_HMM	No_custom_HMM	No_custom_HMM	6	PHANOTATE_1.5.1	CDS	#07e9a2	baseplate wedge subunit	tail	None	None	None	None	None	None	None	None	None	None	None	None	None	None	None	None	None	None	None	11
Ef-P16-208_CDS_0038	37900	40311	+	Ef-P16-208	-1219145983063200.0	No_MMseqs	No_MMseqs	No_MMseqs	No_MMseqs	No_MMseqs_PHROG_hit	13726	1156.498657	0.0	No_custom_HMM	No_custom_HMM	No_custom_HMM	13726	PHANOTATE_1.5.1	CDS	#c9c9c9	hypothetical protein	unknown function	None	None	None	None	None	None	None	None	None	None	None	None	None	None	None	None	None	None	None	11
Ef-P16-208_CDS_0039	40436	40326	-	Ef-P16-208	-0.1635606402009165	No_MMseqs	No_MMseqs	No_MMseqs	No_MMseqs	No_MMseqs_PHROG_hit	No_PHROGs_HMM	No_PHROGs_HMM	No_PHROGs_HMM	No_custom_HMM	No_custom_HMM	No_custom_HMM	No_PHROGs_HMM	PHANOTATE_1.5.1	CDS	None	hypothetical protein	unknown function	None	None	None	None	None	None	None	None	None	None	None	None	None	None	None	None	None	None	None	11
Ef-P16-208_CDS_0040	40483	40962	+	Ef-P16-208	-16441.640870481446	No_MMseqs	No_MMseqs	No_MMseqs	No_MMseqs	No_MMseqs_PHROG_hit	1394	205.742416	9.809871613649819e-61	No_custom_HMM	No_custom_HMM	No_custom_HMM	1394	PHANOTATE_1.5.1	CDS	#3e83f6	virion structural protein	head and packaging	None	None	None	None	None	None	None	None	None	None	None	None	None	None	None	None	None	None	None	11
Ef-P16-208_CDS_0041	40977	44441	+	Ef-P16-208	-1.1646474441113733e+25	No_MMseqs	No_MMseqs	No_MMseqs	No_MMseqs	No_MMseqs_PHROG_hit	877	1638.725952	0.0	No_custom_HMM	No_custom_HMM	No_custom_HMM	877	PHANOTATE_1.5.1	CDS	#c9c9c9	hypothetical protein	unknown function	None	None	None	None	None	None	None	None	None	None	None	None	None	None	None	None	None	None	None	11
Ef-P16-208_CDS_0042	44520	44726	+	Ef-P16-208	-29.923228942713784	No_MMseqs	No_MMseqs	No_MMseqs	No_MMseqs	No_MMseqs_PHROG_hit	1074	74.033226	1.361808008812214e-20	No_custom_HMM	No_custom_HMM	No_custom_HMM	1074	PHANOTATE_1.5.1	CDS	#c9c9c9	hypothetical protein	unknown function	None	None	None	None	None	None	None	None	None	None	None	None	None	None	None	None	None	None	None	11
Ef-P16-208_CDS_0043	44981	48025	+	Ef-P16-208	-1.2717296419360265e+27	No_MMseqs	No_MMseqs	No_MMseqs	No_MMseqs	No_MMseqs_PHROG_hit	16	451.88208	1.0809710749870935e-134	No_custom_HMM	No_custom_HMM	No_custom_HMM	16	PHANOTATE_1.5.1	CDS	#ffdf59	DNA helicase	DNA, RNA and nucleotide metabolism	None	None	None	None	None	None	None	None	None	None	None	None	None	None	None	None	None	None	None	11
Ef-P16-208_CDS_0044	48053	49681	+	Ef-P16-208	-375583572984.3802	No_MMseqs	No_MMseqs	No_MMseqs	No_MMseqs	No_MMseqs_PHROG_hit	1098	528.192749	4.950930419486586e-158	No_custom_HMM	No_custom_HMM	No_custom_HMM	1098	PHANOTATE_1.5.1	CDS	#ffdf59	HTH DNA binding protein	DNA, RNA and nucleotide metabolism	None	None	None	None	None	None	None	None	None	None	None	None	None	None	None	None	None	None	None	11
Ef-P16-208_CDS_0045	49714	52248	+	Ef-P16-208	-4.69418964906321e+23	No_MMseqs	No_MMseqs	No_MMseqs	No_MMseqs	No_MMseqs_PHROG_hit	19	264.121765	6.437210987759314e-78	No_custom_HMM	No_custom_HMM	No_custom_HMM	19	PHANOTATE_1.5.1	CDS	#ffdf59	DnaB-like replicative helicase	DNA, RNA and nucleotide metabolism	None	None	None	None	None	None	None	None	None	None	None	None	None	None	None	None	None	None	None	11
Ef-P16-208_CDS_0046	52248	53303	+	Ef-P16-208	-7204488182.106511	No_MMseqs	No_MMseqs	No_MMseqs	No_MMseqs	No_MMseqs_PHROG_hit	100	281.380066	4.075892434303066e-83	No_custom_HMM	No_custom_HMM	No_custom_HMM	100	PHANOTATE_1.5.1	CDS	#ffdf59	SbcD-like subunit of palindrome specific endonuclease	DNA, RNA and nucleotide metabolism	None	None	None	None	None	None	None	None	None	None	None	None	None	None	None	None	None	None	None	11
Ef-P16-208_CDS_0047	53419	55311	+	Ef-P16-208	-4.469341007792256e+19	No_MMseqs	No_MMseqs	No_MMseqs	No_MMseqs	No_MMseqs_PHROG_hit	77	517.088501	2.6160429199900306e-154	No_custom_HMM	No_custom_HMM	No_custom_HMM	77	PHANOTATE_1.5.1	CDS	#ffdf59	SbcC-like subunit of palindrome specific endonuclease	DNA, RNA and nucleotide metabolism	None	None	None	None	None	None	None	None	None	None	None	None	None	None	None	None	None	None	None	11
Ef-P16-208_CDS_0048	55320	55985	+	Ef-P16-208	-50383.81709922876	No_MMseqs	No_MMseqs	No_MMseqs	No_MMseqs	No_MMseqs_PHROG_hit	1070	164.902847	3.8639289417545555e-48	No_custom_HMM	No_custom_HMM	No_custom_HMM	1070	PHANOTATE_1.5.1	CDS	#ff59f5	anti-sigma factor	moron, auxiliary metabolic gene and host takeover	None	None	None	None	None	None	None	None	None	None	None	None	None	None	None	None	None	None	None	11
Ef-P16-208_CDS_0049	55986	57044	+	Ef-P16-208	-2213698185.011102	No_MMseqs	No_MMseqs	No_MMseqs	No_MMseqs	No_MMseqs_PHROG_hit	47	254.725647	4.847290594449159e-75	No_custom_HMM	No_custom_HMM	No_custom_HMM	47	PHANOTATE_1.5.1	CDS	#ffdf59	DNA primase	DNA, RNA and nucleotide metabolism	None	None	None	None	None	None	None	None	None	None	None	None	None	None	None	None	None	None	None	11
Ef-P16-208_CDS_0050	57063	57695	+	Ef-P16-208	-336329.70848781493	No_MMseqs	No_MMseqs	No_MMseqs	No_MMseqs	No_MMseqs_PHROG_hit	3523	218.957169	1.9853654300023575e-64	No_custom_HMM	No_custom_HMM	No_custom_HMM	3523	PHANOTATE_1.5.1	CDS	#c9c9c9	hypothetical protein	unknown function	None	None	None	None	None	None	None	None	None	None	None	None	None	None	None	None	None	None	None	11
Ef-P16-208_CDS_0051	57724	58608	+	Ef-P16-208	-308133001.3026782	No_MMseqs	No_MMseqs	No_MMseqs	No_MMseqs	No_MMseqs_PHROG_hit	135	172.708237	3.8749826851607067e-50	No_custom_HMM	No_custom_HMM	No_custom_HMM	135	PHANOTATE_1.5.1	CDS	#ffdf59	dUTPase	DNA, RNA and nucleotide metabolism	None	None	None	None	None	None	None	None	None	None	None	None	None	None	None	None	None	None	None	11
Ef-P16-208_CDS_0052	58611	58841	+	Ef-P16-208	-7.180058069175316	No_MMseqs	No_MMseqs	No_MMseqs	No_MMseqs	No_MMseqs_PHROG_hit	17092	158.535629	6.693503590063302e-47	No_custom_HMM	No_custom_HMM	No_custom_HMM	17092	PHANOTATE_1.5.1	CDS	#ffdf59	dUTPase	DNA, RNA and nucleotide metabolism	None	None	None	None	None	None	None	None	None	None	None	None	None	None	None	None	None	None	None	11
Ef-P16-208_CDS_0053	58843	59151	+	Ef-P16-208	-24375.141607874848	No_MMseqs	No_MMseqs	No_MMseqs	No_MMseqs	No_MMseqs_PHROG_hit	20515	192.651474	2.1562680759826546e-57	No_custom_HMM	No_custom_HMM	No_custom_HMM	20515	PHANOTATE_1.5.1	CDS	#c9c9c9	hypothetical protein	unknown function	None	None	None	None	None	None	None	None	None	None	None	None	None	None	None	None	None	None	None	11
Ef-P16-208_CDS_0054	59138	59449	+	Ef-P16-208	-3839.834887728371	No_MMseqs	No_MMseqs	No_MMseqs	No_MMseqs	No_MMseqs_PHROG_hit	7516	153.599609	3.5625199195994796e-45	No_custom_HMM	No_custom_HMM	No_custom_HMM	7516	PHANOTATE_1.5.1	CDS	#c9c9c9	hypothetical protein	unknown function	None	None	None	None	None	None	None	None	None	None	None	None	None	None	None	None	None	None	None	11
Ef-P16-208_CDS_0055	59442	59813	+	Ef-P16-208	-2287.1333975246444	No_MMseqs	No_MMseqs	No_MMseqs	No_MMseqs	No_MMseqs_PHROG_hit	1095	122.758087	1.8955426723806502e-35	No_custom_HMM	No_custom_HMM	No_custom_HMM	1095	PHANOTATE_1.5.1	CDS	#c9c9c9	hypothetical protein	unknown function	None	None	None	None	None	None	None	None	None	None	None	None	None	None	None	None	None	None	None	11
Ef-P16-208_CDS_0056	59833	60501	+	Ef-P16-208	-263767.76738817745	No_MMseqs	No_MMseqs	No_MMseqs	No_MMseqs	No_MMseqs_PHROG_hit	244	164.864075	5.043059584963738e-48	No_custom_HMM	No_custom_HMM	No_custom_HMM	244	PHANOTATE_1.5.1	CDS	#ffdf59	RusA-like Holliday junction resolvase	DNA, RNA and nucleotide metabolism	None	None	None	None	None	None	None	None	None	None	None	None	None	None	None	None	None	None	None	11
Ef-P16-208_CDS_0057	60503	60802	+	Ef-P16-208	-3474.475226356228	No_MMseqs	No_MMseqs	No_MMseqs	No_MMseqs	No_MMseqs_PHROG_hit	17395	188.336578	4.646001709967608e-56	No_custom_HMM	No_custom_HMM	No_custom_HMM	17395	PHANOTATE_1.5.1	CDS	#c9c9c9	hypothetical protein	unknown function	None	None	None	None	None	None	None	None	None	None	None	None	None	None	None	None	None	None	None	11
Ef-P16-208_CDS_0058	60808	61287	+	Ef-P16-208	-165620.34324229247	No_MMseqs	No_MMseqs	No_MMseqs	No_MMseqs	No_MMseqs_PHROG_hit	18538	332.237183	8.563730439483634e-100	No_custom_HMM	No_custom_HMM	No_custom_HMM	18538	PHANOTATE_1.5.1	CDS	#c9c9c9	hypothetical protein	unknown function	None	None	None	None	None	None	None	None	None	None	None	None	None	None	None	None	None	None	None	11
Ef-P16-208_CDS_0059	61380	62174	+	Ef-P16-208	-247451.204562316	No_MMseqs	No_MMseqs	No_MMseqs	No_MMseqs	No_MMseqs_PHROG_hit	1054	338.85675	3.3042068193097535e-101	No_custom_HMM	No_custom_HMM	No_custom_HMM	1054	PHANOTATE_1.5.1	CDS	#c9c9c9	hypothetical protein	unknown function	None	None	None	None	None	None	None	None	None	None	None	None	None	None	None	None	None	None	None	11
Ef-P16-208_CDS_0060	62167	62478	+	Ef-P16-208	-545.4828512143024	No_MMseqs	No_MMseqs	No_MMseqs	No_MMseqs	No_MMseqs_PHROG_hit	379	108.865654	2.8620779062232876e-31	No_custom_HMM	No_custom_HMM	No_custom_HMM	379	PHANOTATE_1.5.1	CDS	#ffdf59	DNA binding protein	DNA, RNA and nucleotide metabolism	None	None	None	None	None	None	None	None	None	None	None	None	None	None	None	None	None	None	None	11
Ef-P16-208_CDS_0061	62568	64958	+	Ef-P16-208	-3.403311280055096e+20	No_MMseqs	No_MMseqs	No_MMseqs	No_MMseqs	No_MMseqs_PHROG_hit	17	523.651611	2.778142369424289e-156	No_custom_HMM	No_custom_HMM	No_custom_HMM	17	PHANOTATE_1.5.1	CDS	#ffdf59	DNA polymerase	DNA, RNA and nucleotide metabolism	None	None	None	None	None	None	None	None	None	None	None	None	None	None	None	None	None	None	None	11
Ef-P16-208_CDS_0062	65229	65131	-	Ef-P16-208	-0.1219787328276261	No_MMseqs	No_MMseqs	No_MMseqs	No_MMseqs	No_MMseqs_PHROG_hit	No_PHROGs_HMM	No_PHROGs_HMM	No_PHROGs_HMM	No_custom_HMM	No_custom_HMM	No_custom_HMM	No_PHROGs_HMM	PHANOTATE_1.5.1	CDS	None	hypothetical protein	unknown function	None	None	None	None	None	None	None	None	None	None	None	None	None	None	None	None	None	None	None	11
Ef-P16-208_CDS_0063	65194	65298	+	Ef-P16-208	-2.2347843091624173	No_MMseqs	No_MMseqs	No_MMseqs	No_MMseqs	No_MMseqs_PHROG_hit	No_PHROGs_HMM	No_PHROGs_HMM	No_PHROGs_HMM	No_custom_HMM	No_custom_HMM	No_custom_HMM	No_PHROGs_HMM	PHANOTATE_1.5.1	CDS	None	hypothetical protein	unknown function	None	None	None	None	None	None	None	None	None	None	None	None	None	None	None	None	None	None	None	11
Ef-P16-208_CDS_0064	65533	65444	-	Ef-P16-208	-1.0745982394730642	No_MMseqs	No_MMseqs	No_MMseqs	No_MMseqs	No_MMseqs_PHROG_hit	No_PHROGs_HMM	No_PHROGs_HMM	No_PHROGs_HMM	No_custom_HMM	No_custom_HMM	No_custom_HMM	No_PHROGs_HMM	PHANOTATE_1.5.1	CDS	None	hypothetical protein	unknown function	None	None	None	None	None	None	None	None	None	None	None	None	None	None	None	None	None	None	None	11
Ef-P16-208_CDS_0065	65658	65554	-	Ef-P16-208	-2.094724046381123	No_MMseqs	No_MMseqs	No_MMseqs	No_MMseqs	No_MMseqs_PHROG_hit	No_PHROGs_HMM	No_PHROGs_HMM	No_PHROGs_HMM	No_custom_HMM	No_custom_HMM	No_custom_HMM	No_PHROGs_HMM	PHANOTATE_1.5.1	CDS	None	hypothetical protein	unknown function	None	None	None	None	None	None	None	None	None	None	None	None	None	None	None	None	None	None	None	11
Ef-P16-208_CDS_0066	65633	66112	+	Ef-P16-208	-4282.782102807666	No_MMseqs	No_MMseqs	No_MMseqs	No_MMseqs	No_MMseqs_PHROG_hit	5995	234.0914	3.1885207229977414e-69	No_custom_HMM	No_custom_HMM	No_custom_HMM	5995	PHANOTATE_1.5.1	CDS	#ffdf59	DNA polymerase	DNA, RNA and nucleotide metabolism	None	None	None	None	None	None	None	None	None	None	None	None	None	None	None	None	None	None	None	11
Ef-P16-208_CDS_0067	66215	66757	+	Ef-P16-208	-1479.0768857505727	No_MMseqs	No_MMseqs	No_MMseqs	No_MMseqs	No_MMseqs_PHROG_hit	1069	162.082657	4.686143312104513e-47	No_custom_HMM	No_custom_HMM	No_custom_HMM	1069	PHANOTATE_1.5.1	CDS	#c9c9c9	hypothetical protein	unknown function	None	None	None	None	None	None	None	None	None	None	None	None	None	None	None	None	None	None	None	11
Ef-P16-208_CDS_0068	66814	68103	+	Ef-P16-208	-128296842515.02376	No_MMseqs	No_MMseqs	No_MMseqs	No_MMseqs	No_MMseqs_PHROG_hit	1867	398.306458	1.1156553917542248e-118	No_custom_HMM	No_custom_HMM	No_custom_HMM	1867	PHANOTATE_1.5.1	CDS	#ffdf59	single strand DNA binding protein	DNA, RNA and nucleotide metabolism	None	None	None	None	None	None	None	None	None	None	None	None	None	None	None	None	None	None	None	11
Ef-P16-208_CDS_0069	68188	69435	+	Ef-P16-208	-33874775832.253777	No_MMseqs	No_MMseqs	No_MMseqs	No_MMseqs	No_MMseqs_PHROG_hit	97	286.632538	9.770280500663953e-85	No_custom_HMM	No_custom_HMM	No_custom_HMM	97	PHANOTATE_1.5.1	CDS	#838383	UvsX-like recombinase	other	None	None	None	None	None	None	None	None	None	None	None	None	None	None	None	None	None	None	None	11
Ef-P16-208_CDS_0070	69561	69875	+	Ef-P16-208	-138.81413662004795	No_MMseqs	No_MMseqs	No_MMseqs	No_MMseqs	No_MMseqs_PHROG_hit	1089	112.497871	2.3631440541141212e-32	No_custom_HMM	No_custom_HMM	No_custom_HMM	1089	PHANOTATE_1.5.1	CDS	#c9c9c9	hypothetical protein	unknown function	None	None	None	None	None	None	None	None	None	None	None	None	None	None	None	None	None	None	None	11
Ef-P16-208_CDS_0071	69868	70482	+	Ef-P16-208	-75627.44352705123	No_MMseqs	No_MMseqs	No_MMseqs	No_MMseqs	No_MMseqs_PHROG_hit	1025	247.539536	2.368692197194622e-73	No_custom_HMM	No_custom_HMM	No_custom_HMM	1025	PHANOTATE_1.5.1	CDS	#a861e3	RNA polymerase sigma factor	transcription regulation	None	None	None	None	None	None	None	None	None	None	None	None	None	None	None	None	None	None	None	11
Ef-P16-208_CDS_0072	70543	70818	+	Ef-P16-208	-184.3895295176282	No_MMseqs	No_MMseqs	No_MMseqs	No_MMseqs	No_MMseqs_PHROG_hit	263	79.122459	4.895076066246448e-22	No_custom_HMM	No_custom_HMM	No_custom_HMM	263	PHANOTATE_1.5.1	CDS	#f35f49	holin	lysis	None	None	None	None	None	None	None	None	None	None	None	None	None	None	None	None	None	None	None	11
Ef-P16-208_CDS_0073	70866	71828	+	Ef-P16-208	-238503186.84639537	No_MMseqs	No_MMseqs	No_MMseqs	No_MMseqs	No_MMseqs_PHROG_hit	215	305.981964	1.1860116353901466e-90	No_custom_HMM	No_custom_HMM	No_custom_HMM	215	PHANOTATE_1.5.1	CDS	#3e83f6	structural protein with Ig domain	head and packaging	None	None	None	None	None	None	None	None	None	None	None	None	None	None	None	None	None	None	None	11
Ef-P16-208_CDS_0074	71849	72292	+	Ef-P16-208	-125453.431771789	No_MMseqs	No_MMseqs	No_MMseqs	No_MMseqs	No_MMseqs_PHROG_hit	1240	132.655182	1.9406445868325833e-38	No_custom_HMM	No_custom_HMM	No_custom_HMM	1240	PHANOTATE_1.5.1	CDS	#838383	Ig domain containing protein	other	None	None	None	None	None	None	None	None	None	None	None	None	None	None	None	None	None	None	None	11
Ef-P16-208_CDS_0075	72399	72704	+	Ef-P16-208	-1996.4946246018324	No_MMseqs	No_MMseqs	No_MMseqs	No_MMseqs	No_MMseqs_PHROG_hit	20613	199.324585	1.4341312672083328e-59	No_custom_HMM	No_custom_HMM	No_custom_HMM	20613	PHANOTATE_1.5.1	CDS	#c9c9c9	hypothetical protein	unknown function	None	None	None	None	None	None	None	None	None	None	None	None	None	None	None	None	None	None	None	11
Ef-P16-208_CDS_0076	72701	73654	+	Ef-P16-208	-31405376.470485665	No_MMseqs	No_MMseqs	No_MMseqs	No_MMseqs	No_MMseqs_PHROG_hit	1850	299.087402	6.770260485373749e-89	No_custom_HMM	No_custom_HMM	No_custom_HMM	1850	PHANOTATE_1.5.1	CDS	#838383	exopolyphosphatase	other	None	None	None	None	None	None	None	None	None	None	None	None	None	None	None	None	None	None	None	11
Ef-P16-208_CDS_0077	73708	74991	+	Ef-P16-208	-9039247272.651964	No_MMseqs	No_MMseqs	No_MMseqs	No_MMseqs	No_MMseqs_PHROG_hit	284	368.458496	7.950823186832894e-110	No_custom_HMM	No_custom_HMM	No_custom_HMM	284	PHANOTATE_1.5.1	CDS	#ffdf59	exonuclease	DNA, RNA and nucleotide metabolism	None	None	None	None	None	None	None	None	None	None	None	None	None	None	None	None	None	None	None	11
Ef-P16-208_CDS_0078	75003	75377	+	Ef-P16-208	-38635.75761869398	No_MMseqs	No_MMseqs	No_MMseqs	No_MMseqs	No_MMseqs_PHROG_hit	7143	167.683746	2.0854747991926685e-49	No_custom_HMM	No_custom_HMM	No_custom_HMM	7143	PHANOTATE_1.5.1	CDS	#c9c9c9	hypothetical protein	unknown function	None	None	None	None	None	None	None	None	None	None	None	None	None	None	None	None	None	None	None	11
Ef-P16-208_CDS_0079	75416	76036	+	Ef-P16-208	-123125.2558577626	No_MMseqs	No_MMseqs	No_MMseqs	No_MMseqs	No_MMseqs_PHROG_hit	1080	183.266571	6.766042875702424e-54	No_custom_HMM	No_custom_HMM	No_custom_HMM	1080	PHANOTATE_1.5.1	CDS	#c9c9c9	hypothetical protein	unknown function	None	None	None	None	None	None	None	None	None	None	None	None	None	None	None	None	None	None	None	11
Ef-P16-208_CDS_0080	76036	76776	+	Ef-P16-208	-425195.13171308656	No_MMseqs	No_MMseqs	No_MMseqs	No_MMseqs	No_MMseqs_PHROG_hit	984	319.779388	2.3570646755592786e-95	No_custom_HMM	No_custom_HMM	No_custom_HMM	984	PHANOTATE_1.5.1	CDS	#c9c9c9	hypothetical protein	unknown function	None	None	None	None	None	None	None	None	None	None	None	None	None	None	None	None	None	None	None	11
Ef-P16-208_CDS_0081	76766	77272	+	Ef-P16-208	-2672.6379243280153	No_MMseqs	No_MMseqs	No_MMseqs	No_MMseqs	No_MMseqs_PHROG_hit	2356	178.086487	2.036128661189204e-52	No_custom_HMM	No_custom_HMM	No_custom_HMM	2356	PHANOTATE_1.5.1	CDS	#c9c9c9	hypothetical protein	unknown function	None	None	None	None	None	None	None	None	None	None	None	None	None	None	None	None	None	None	None	11
Ef-P16-208_CDS_0082	77286	77636	+	Ef-P16-208	-47844.95292375379	No_MMseqs	No_MMseqs	No_MMseqs	No_MMseqs	No_MMseqs_PHROG_hit	2131	101.216827	8.550249163959591e-29	No_custom_HMM	No_custom_HMM	No_custom_HMM	2131	PHANOTATE_1.5.1	CDS	#c9c9c9	hypothetical protein	unknown function	None	None	None	None	None	None	None	None	None	None	None	None	None	None	None	None	None	None	None	11
Ef-P16-208_CDS_0083	77661	78518	+	Ef-P16-208	-543426339.9789525	No_MMseqs	No_MMseqs	No_MMseqs	No_MMseqs	No_MMseqs_PHROG_hit	1113	217.213852	5.4311024438446466e-64	No_custom_HMM	No_custom_HMM	No_custom_HMM	1113	PHANOTATE_1.5.1	CDS	#c9c9c9	hypothetical protein	unknown function	None	None	None	None	None	None	None	None	None	None	None	None	None	None	None	None	None	None	None	11
Ef-P16-208_CDS_0084	78622	79467	+	Ef-P16-208	-62993381.28898128	No_MMseqs	No_MMseqs	No_MMseqs	No_MMseqs	No_MMseqs_PHROG_hit	18009	418.971802	1.9966758014624527e-125	No_custom_HMM	No_custom_HMM	No_custom_HMM	18009	PHANOTATE_1.5.1	CDS	#c9c9c9	hypothetical protein	unknown function	None	None	None	None	None	None	None	None	None	None	None	None	None	None	None	None	None	None	None	11
Ef-P16-208_CDS_0085	79460	81088	+	Ef-P16-208	-1065602730924973.6	No_MMseqs	No_MMseqs	No_MMseqs	No_MMseqs	No_MMseqs_PHROG_hit	3169	487.01947	1.3809999587817331e-145	No_custom_HMM	No_custom_HMM	No_custom_HMM	3169	PHANOTATE_1.5.1	CDS	#c9c9c9	hypothetical protein	unknown function	None	None	None	None	None	None	None	None	None	None	None	None	None	None	None	None	None	None	None	11
Ef-P16-208_CDS_0086	81262	81360	+	Ef-P16-208	-1.859549230786004	No_MMseqs	No_MMseqs	No_MMseqs	No_MMseqs	No_MMseqs_PHROG_hit	No_PHROGs_HMM	No_PHROGs_HMM	No_PHROGs_HMM	No_custom_HMM	No_custom_HMM	No_custom_HMM	No_PHROGs_HMM	PHANOTATE_1.5.1	CDS	None	hypothetical protein	unknown function	None	None	None	None	None	None	None	None	None	None	None	None	None	None	None	None	None	None	None	11
Ef-P16-208_CDS_0087	81407	82096	+	Ef-P16-208	-1734172.005537394	No_MMseqs	No_MMseqs	No_MMseqs	No_MMseqs	No_MMseqs_PHROG_hit	1007	320.748108	9.397644571721475e-96	No_custom_HMM	No_custom_HMM	No_custom_HMM	1007	PHANOTATE_1.5.1	CDS	#c9c9c9	hypothetical protein	unknown function	None	None	None	None	None	None	None	None	None	None	None	None	None	None	None	None	None	None	None	11
Ef-P16-208_CDS_0088	82107	82574	+	Ef-P16-208	-5900.861346021553	No_MMseqs	No_MMseqs	No_MMseqs	No_MMseqs	No_MMseqs_PHROG_hit	1104	172.452271	1.0924392830828086e-50	No_custom_HMM	No_custom_HMM	No_custom_HMM	1104	PHANOTATE_1.5.1	CDS	#3e83f6	virion structural protein	head and packaging	None	None	None	None	None	None	None	None	None	None	None	None	None	None	None	None	None	None	None	11
Ef-P16-208_CDS_0089	82672	84954	+	Ef-P16-208	-1.5584014237849312e+21	No_MMseqs	No_MMseqs	No_MMseqs	No_MMseqs	No_MMseqs_PHROG_hit	24366	1772.832397	0.0	No_custom_HMM	No_custom_HMM	No_custom_HMM	24366	PHANOTATE_1.5.1	CDS	#c9c9c9	hypothetical protein	unknown function	None	None	None	None	None	None	None	None	None	None	None	None	None	None	None	None	None	None	None	11
Ef-P16-208_CDS_0090	85044	85220	+	Ef-P16-208	-15.491912490125443	No_MMseqs	No_MMseqs	No_MMseqs	No_MMseqs	No_MMseqs_PHROG_hit	22289	125.952072	1.429794770533347e-36	No_custom_HMM	No_custom_HMM	No_custom_HMM	22289	PHANOTATE_1.5.1	CDS	#c9c9c9	hypothetical protein	unknown function	None	None	None	None	None	None	None	None	None	None	None	None	None	None	None	None	None	None	None	11
Ef-P16-208_CDS_0091	85240	85746	+	Ef-P16-208	-16021.23259080718	No_MMseqs	No_MMseqs	No_MMseqs	No_MMseqs	No_MMseqs_PHROG_hit	23606	384.783417	9.530843341511461e-116	No_custom_HMM	No_custom_HMM	No_custom_HMM	23606	PHANOTATE_1.5.1	CDS	#c9c9c9	hypothetical protein	unknown function	None	None	None	None	None	None	None	None	None	None	None	None	None	None	None	None	None	None	None	11
Ef-P16-208_CDS_0092	85820	85990	+	Ef-P16-208	-225.10701234282763	No_MMseqs	No_MMseqs	No_MMseqs	No_MMseqs	No_MMseqs_PHROG_hit	25959	144.336929	1.7876919491511287e-42	No_custom_HMM	No_custom_HMM	No_custom_HMM	25959	PHANOTATE_1.5.1	CDS	#c9c9c9	hypothetical protein	unknown function	None	None	None	None	None	None	None	None	None	None	None	None	None	None	None	None	None	None	None	11
Ef-P16-208_CDS_0093	85980	86252	+	Ef-P16-208	-49.84585060269961	No_MMseqs	No_MMseqs	No_MMseqs	No_MMseqs	No_MMseqs_PHROG_hit	25548	197.929718	3.7653980264507713e-59	No_custom_HMM	No_custom_HMM	No_custom_HMM	25548	PHANOTATE_1.5.1	CDS	#c9c9c9	hypothetical protein	unknown function	None	None	None	None	None	None	None	None	None	None	None	None	None	None	None	None	None	None	None	11
Ef-P16-208_CDS_0094	86360	86611	+	Ef-P16-208	-875.3318565083781	No_MMseqs	No_MMseqs	No_MMseqs	No_MMseqs	No_MMseqs_PHROG_hit	3	40.260914	6.859611971858668e-10	No_custom_HMM	No_custom_HMM	No_custom_HMM	3	PHANOTATE_1.5.1	CDS	#a861e3	transcriptional repressor	transcription regulation	None	None	None	None	None	None	None	None	None	None	None	None	None	None	None	None	None	None	None	11
Ef-P16-208_CDS_0095	86623	86910	+	Ef-P16-208	-1097.9981526803329	No_MMseqs	No_MMseqs	No_MMseqs	No_MMseqs	No_MMseqs_PHROG_hit	24357	207.660934	3.603280989984188e-62	No_custom_HMM	No_custom_HMM	No_custom_HMM	24357	PHANOTATE_1.5.1	CDS	#c9c9c9	hypothetical protein	unknown function	None	None	None	None	None	None	None	None	None	None	None	None	None	None	None	None	None	None	None	11
Ef-P16-208_CDS_0096	86913	87701	+	Ef-P16-208	-17350291.001792874	No_MMseqs	No_MMseqs	No_MMseqs	No_MMseqs	No_MMseqs_PHROG_hit	9897	256.635834	2.2435901235704205e-76	No_custom_HMM	No_custom_HMM	No_custom_HMM	9897	PHANOTATE_1.5.1	CDS	#c9c9c9	hypothetical protein	unknown function	None	None	None	None	None	None	None	None	None	None	None	None	None	None	None	None	None	None	None	11
Ef-P16-208_CDS_0097	87783	88856	+	Ef-P16-208	-646463780.6450171	No_MMseqs	No_MMseqs	No_MMseqs	No_MMseqs	No_MMseqs_PHROG_hit	26080	792.684509	6.705172750287742e-239	No_custom_HMM	No_custom_HMM	No_custom_HMM	26080	PHANOTATE_1.5.1	CDS	#c9c9c9	hypothetical protein	unknown function	None	None	None	None	None	None	None	None	None	None	None	None	None	None	None	None	None	None	None	11
Ef-P16-208_CDS_0098	88983	89285	+	Ef-P16-208	-437.24755015295693	No_MMseqs	No_MMseqs	No_MMseqs	No_MMseqs	No_MMseqs_PHROG_hit	16724	185.307663	4.190473571224217e-55	No_custom_HMM	No_custom_HMM	No_custom_HMM	16724	PHANOTATE_1.5.1	CDS	#c9c9c9	hypothetical protein	unknown function	None	None	None	None	None	None	None	None	None	None	None	None	None	None	None	None	None	None	None	11
Ef-P16-208_CDS_0099	89287	89589	+	Ef-P16-208	-263.23867120761116	No_MMseqs	No_MMseqs	No_MMseqs	No_MMseqs	No_MMseqs_PHROG_hit	21389	183.856888	1.6142828739050345e-54	No_custom_HMM	No_custom_HMM	No_custom_HMM	21389	PHANOTATE_1.5.1	CDS	#c9c9c9	hypothetical protein	unknown function	None	None	None	None	None	None	None	None	None	None	None	None	None	None	None	None	None	None	None	11
Ef-P16-208_CDS_0100	89592	89885	+	Ef-P16-208	-311.54096029139765	No_MMseqs	No_MMseqs	No_MMseqs	No_MMseqs	No_MMseqs_PHROG_hit	22240	202.753464	1.6738434975778048e-60	No_custom_HMM	No_custom_HMM	No_custom_HMM	22240	PHANOTATE_1.5.1	CDS	#c9c9c9	hypothetical protein	unknown function	None	None	None	None	None	None	None	None	None	None	None	None	None	None	None	None	None	None	None	11
Ef-P16-208_CDS_0101	89882	90061	+	Ef-P16-208	-251.6582207132168	No_MMseqs	No_MMseqs	No_MMseqs	No_MMseqs	No_MMseqs_PHROG_hit	32810	141.58667	1.307361437947804e-41	No_custom_HMM	No_custom_HMM	No_custom_HMM	32810	PHANOTATE_1.5.1	CDS	#c9c9c9	hypothetical protein	unknown function	None	None	None	None	None	None	None	None	None	None	None	None	None	None	None	None	None	None	None	11
Ef-P16-208_CDS_0102	90074	90439	+	Ef-P16-208	-52791.22456708392	No_MMseqs	No_MMseqs	No_MMseqs	No_MMseqs	No_MMseqs_PHROG_hit	5835	132.896057	9.305035797587821e-39	No_custom_HMM	No_custom_HMM	No_custom_HMM	5835	PHANOTATE_1.5.1	CDS	#c9c9c9	hypothetical protein	unknown function	None	None	None	None	None	None	None	None	None	None	None	None	None	None	None	None	None	None	None	11
Ef-P16-208_CDS_0103	90466	90843	+	Ef-P16-208	-21254.05888823228	No_MMseqs	No_MMseqs	No_MMseqs	No_MMseqs	No_MMseqs_PHROG_hit	25944	279.008301	7.610778462981548e-84	No_custom_HMM	No_custom_HMM	No_custom_HMM	25944	PHANOTATE_1.5.1	CDS	#c9c9c9	hypothetical protein	unknown function	None	None	None	None	None	None	None	None	None	None	None	None	None	None	None	None	None	None	None	11
Ef-P16-208_CDS_0104	90836	91066	+	Ef-P16-208	-79.5583914282308	No_MMseqs	No_MMseqs	No_MMseqs	No_MMseqs	No_MMseqs_PHROG_hit	27732	172.27478	3.337001279067194e-51	No_custom_HMM	No_custom_HMM	No_custom_HMM	27732	PHANOTATE_1.5.1	CDS	#c9c9c9	hypothetical protein	unknown function	None	None	None	None	None	None	None	None	None	None	None	None	None	None	None	None	None	None	None	11
Ef-P16-208_CDS_0105	91070	91444	+	Ef-P16-208	-13571.525107509617	No_MMseqs	No_MMseqs	No_MMseqs	No_MMseqs	No_MMseqs_PHROG_hit	1150	74.724136	1.367998717973252e-20	No_custom_HMM	No_custom_HMM	No_custom_HMM	1150	PHANOTATE_1.5.1	CDS	#c9c9c9	hypothetical protein	unknown function	None	None	None	None	None	None	None	None	None	None	None	None	None	None	None	None	None	None	None	11
Ef-P16-208_CDS_0106	91441	91698	+	Ef-P16-208	-2197.58744566786	No_MMseqs	No_MMseqs	No_MMseqs	No_MMseqs	No_MMseqs_PHROG_hit	22106	189.703522	1.2321671521773117e-56	No_custom_HMM	No_custom_HMM	No_custom_HMM	22106	PHANOTATE_1.5.1	CDS	#c9c9c9	hypothetical protein	unknown function	None	None	None	None	None	None	None	None	None	None	None	None	None	None	None	None	None	None	None	11
Ef-P16-208_CDS_0107	91737	92297	+	Ef-P16-208	-41027.09081495637	No_MMseqs	No_MMseqs	No_MMseqs	No_MMseqs	No_MMseqs_PHROG_hit	3523	207.249481	7.271524815821013e-61	No_custom_HMM	No_custom_HMM	No_custom_HMM	3523	PHANOTATE_1.5.1	CDS	#c9c9c9	hypothetical protein	unknown function	None	None	None	None	None	None	None	None	None	None	None	None	None	None	None	None	None	None	None	11
Ef-P16-208_CDS_0108	92339	93235	+	Ef-P16-208	-181821.320702054	No_MMseqs	No_MMseqs	No_MMseqs	No_MMseqs	No_MMseqs_PHROG_hit	3523	308.032684	1.5258778657454912e-91	No_custom_HMM	No_custom_HMM	No_custom_HMM	3523	PHANOTATE_1.5.1	CDS	#c9c9c9	hypothetical protein	unknown function	None	None	None	None	None	None	None	None	None	None	None	None	None	None	None	None	None	None	None	11
Ef-P16-208_CDS_0109	93236	93865	+	Ef-P16-208	-136895.96006309404	No_MMseqs	No_MMseqs	No_MMseqs	No_MMseqs	No_MMseqs_PHROG_hit	23690	411.890747	9.349750796016257e-124	No_custom_HMM	No_custom_HMM	No_custom_HMM	23690	PHANOTATE_1.5.1	CDS	#c9c9c9	hypothetical protein	unknown function	None	None	None	None	None	None	None	None	None	None	None	None	None	None	None	None	None	None	None	11
Ef-P16-208_CDS_0110	94008	93892	-	Ef-P16-208	-0.2513963288705831	No_MMseqs	No_MMseqs	No_MMseqs	No_MMseqs	No_MMseqs_PHROG_hit	No_PHROGs_HMM	No_PHROGs_HMM	No_PHROGs_HMM	No_custom_HMM	No_custom_HMM	No_custom_HMM	No_PHROGs_HMM	PHANOTATE_1.5.1	CDS	None	hypothetical protein	unknown function	None	None	None	None	None	None	None	None	None	None	None	None	None	None	None	None	None	None	None	11
Ef-P16-208_CDS_0111	94028	94186	+	Ef-P16-208	-13.541636930298116	No_MMseqs	No_MMseqs	No_MMseqs	No_MMseqs	No_MMseqs_PHROG_hit	27082	119.595451	7.957582365439164e-35	No_custom_HMM	No_custom_HMM	No_custom_HMM	27082	PHANOTATE_1.5.1	CDS	#c9c9c9	hypothetical protein	unknown function	None	None	None	None	None	None	None	None	None	None	None	None	None	None	None	None	None	None	None	11
Ef-P16-208_CDS_0112	94201	94344	+	Ef-P16-208	-86.21528379145155	No_MMseqs	No_MMseqs	No_MMseqs	No_MMseqs	No_MMseqs_PHROG_hit	4188	83.85553	1.0127450969396908e-23	No_custom_HMM	No_custom_HMM	No_custom_HMM	4188	PHANOTATE_1.5.1	CDS	#c9c9c9	hypothetical protein	unknown function	None	None	None	None	None	None	None	None	None	None	None	None	None	None	None	None	None	None	None	11
Ef-P16-208_CDS_0113	94357	94551	+	Ef-P16-208	-217.18365392502375	No_MMseqs	No_MMseqs	No_MMseqs	No_MMseqs	No_MMseqs_PHROG_hit	4615	103.301323	1.1489732792530786e-29	No_custom_HMM	No_custom_HMM	No_custom_HMM	4615	PHANOTATE_1.5.1	CDS	#c9c9c9	hypothetical protein	unknown function	None	None	None	None	None	None	None	None	None	None	None	None	None	None	None	None	None	None	None	11
Ef-P16-208_CDS_0114	94567	95217	+	Ef-P16-208	-289332.9039561448	No_MMseqs	No_MMseqs	No_MMseqs	No_MMseqs	No_MMseqs_PHROG_hit	25818	481.183807	5.165726230000562e-145	No_custom_HMM	No_custom_HMM	No_custom_HMM	25818	PHANOTATE_1.5.1	CDS	#c9c9c9	hypothetical protein	unknown function	None	None	None	None	None	None	None	None	None	None	None	None	None	None	None	None	None	None	None	11
Ef-P16-208_CDS_0115	95230	95673	+	Ef-P16-208	-9875.78339250988	No_MMseqs	No_MMseqs	No_MMseqs	No_MMseqs	No_MMseqs_PHROG_hit	25782	323.796539	2.451344498740155e-97	No_custom_HMM	No_custom_HMM	No_custom_HMM	25782	PHANOTATE_1.5.1	CDS	#c9c9c9	hypothetical protein	unknown function	None	None	None	None	None	None	None	None	None	None	None	None	None	None	None	None	None	None	None	11
Ef-P16-208_CDS_0116	95820	96266	+	Ef-P16-208	-10951.441267065795	No_MMseqs	No_MMseqs	No_MMseqs	No_MMseqs	No_MMseqs_PHROG_hit	17103	245.129349	5.245016067929297e-73	No_custom_HMM	No_custom_HMM	No_custom_HMM	17103	PHANOTATE_1.5.1	CDS	#c9c9c9	hypothetical protein	unknown function	None	None	None	None	None	None	None	None	None	None	None	None	None	None	None	None	None	None	None	11
Ef-P16-208_CDS_0117	96562	96431	-	Ef-P16-208	-0.0799715179381447	No_MMseqs	No_MMseqs	No_MMseqs	No_MMseqs	No_MMseqs_PHROG_hit	No_PHROGs_HMM	No_PHROGs_HMM	No_PHROGs_HMM	No_custom_HMM	No_custom_HMM	No_custom_HMM	No_PHROGs_HMM	PHANOTATE_1.5.1	CDS	None	hypothetical protein	unknown function	None	None	None	None	None	None	None	None	None	None	None	None	None	None	None	None	None	None	None	11
Ef-P16-208_CDS_0118	96635	96934	+	Ef-P16-208	-449.1833969287878	No_MMseqs	No_MMseqs	No_MMseqs	No_MMseqs	No_MMseqs_PHROG_hit	25744	220.099838	5.899812645677895e-66	No_custom_HMM	No_custom_HMM	No_custom_HMM	25744	PHANOTATE_1.5.1	CDS	#c9c9c9	hypothetical protein	unknown function	None	None	None	None	None	None	None	None	None	None	None	None	None	None	None	None	None	None	None	11
Ef-P16-208_CDS_0119	97006	97335	+	Ef-P16-208	-580.5390722847585	No_MMseqs	No_MMseqs	No_MMseqs	No_MMseqs	No_MMseqs_PHROG_hit	14846	211.668274	2.9973877299367207e-63	No_custom_HMM	No_custom_HMM	No_custom_HMM	14846	PHANOTATE_1.5.1	CDS	#c9c9c9	hypothetical protein	unknown function	None	None	None	None	None	None	None	None	None	None	None	None	None	None	None	None	None	None	None	11
Ef-P16-208_CDS_0120	97432	97572	+	Ef-P16-208	-115.4548628843061	No_MMseqs	No_MMseqs	No_MMseqs	No_MMseqs	No_MMseqs_PHROG_hit	20676	105.242584	2.2855847436194424e-30	No_custom_HMM	No_custom_HMM	No_custom_HMM	20676	PHANOTATE_1.5.1	CDS	#c9c9c9	hypothetical protein	unknown function	None	None	None	None	None	None	None	None	None	None	None	None	None	None	None	None	None	None	None	11
Ef-P16-208_CDS_0121	97631	97837	+	Ef-P16-208	-22.7556441179442	No_MMseqs	No_MMseqs	No_MMseqs	No_MMseqs	No_MMseqs_PHROG_hit	26721	159.919113	3.017489558944018e-47	No_custom_HMM	No_custom_HMM	No_custom_HMM	26721	PHANOTATE_1.5.1	CDS	#c9c9c9	hypothetical protein	unknown function	None	None	None	None	None	None	None	None	None	None	None	None	None	None	None	None	None	None	None	11
Ef-P16-208_CDS_0122	97914	98162	+	Ef-P16-208	-47.29662898768781	No_MMseqs	No_MMseqs	No_MMseqs	No_MMseqs	No_MMseqs_PHROG_hit	11078	115.756065	1.3612442295225474e-33	No_custom_HMM	No_custom_HMM	No_custom_HMM	11078	PHANOTATE_1.5.1	CDS	#c9c9c9	hypothetical protein	unknown function	None	None	None	None	None	None	None	None	None	None	None	None	None	None	None	None	None	None	None	11
Ef-P16-208_CDS_0123	98240	98485	+	Ef-P16-208	-225.61626097573924	No_MMseqs	No_MMseqs	No_MMseqs	No_MMseqs	No_MMseqs_PHROG_hit	4264	119.304451	1.3665883052077558e-34	No_custom_HMM	No_custom_HMM	No_custom_HMM	4264	PHANOTATE_1.5.1	CDS	#c9c9c9	hypothetical protein	unknown function	None	None	None	None	None	None	None	None	None	None	None	None	None	None	None	None	None	None	None	11
Ef-P16-208_CDS_0124	98552	98782	+	Ef-P16-208	-38.34332565286553	No_MMseqs	No_MMseqs	No_MMseqs	No_MMseqs	No_MMseqs_PHROG_hit	5149	100.231941	2.58039177699358e-28	No_custom_HMM	No_custom_HMM	No_custom_HMM	5149	PHANOTATE_1.5.1	CDS	#c9c9c9	hypothetical protein	unknown function	None	None	None	None	None	None	None	None	None	None	None	None	None	None	None	None	None	None	None	11
Ef-P16-208_CDS_0125	98833	99039	+	Ef-P16-208	-699.8205566954665	No_MMseqs	No_MMseqs	No_MMseqs	No_MMseqs	No_MMseqs_PHROG_hit	33460	167.184952	1.147030566393253e-49	No_custom_HMM	No_custom_HMM	No_custom_HMM	33460	PHANOTATE_1.5.1	CDS	#c9c9c9	hypothetical protein	unknown function	None	None	None	None	None	None	None	None	None	None	None	None	None	None	None	None	None	None	None	11
Ef-P16-208_CDS_0126	99058	99228	+	Ef-P16-208	-1.7351020244119952	No_MMseqs	No_MMseqs	No_MMseqs	No_MMseqs	No_MMseqs_PHROG_hit	26004	108.723381	2.2184057115147113e-31	No_custom_HMM	No_custom_HMM	No_custom_HMM	26004	PHANOTATE_1.5.1	CDS	#c9c9c9	hypothetical protein	unknown function	None	None	None	None	None	None	None	None	None	None	None	None	None	None	None	None	None	None	None	11
Ef-P16-208_CDS_0127	99364	99669	+	Ef-P16-208	-708.412128641089	No_MMseqs	No_MMseqs	No_MMseqs	No_MMseqs	No_MMseqs_PHROG_hit	24730	217.920456	2.7381110815344436e-65	No_custom_HMM	No_custom_HMM	No_custom_HMM	24730	PHANOTATE_1.5.1	CDS	#c9c9c9	hypothetical protein	unknown function	None	None	None	None	None	None	None	None	None	None	None	None	None	None	None	None	None	None	None	11
Ef-P16-208_CDS_0128	99775	100206	+	Ef-P16-208	-3164.0740774065453	No_MMseqs	No_MMseqs	No_MMseqs	No_MMseqs	No_MMseqs_PHROG_hit	26676	307.784393	2.0479496681589354e-92	No_custom_HMM	No_custom_HMM	No_custom_HMM	26676	PHANOTATE_1.5.1	CDS	#c9c9c9	hypothetical protein	unknown function	None	None	None	None	None	None	None	None	None	None	None	None	None	None	None	None	None	None	None	11
Ef-P16-208_CDS_0129	100365	100577	+	Ef-P16-208	-237.20164315853805	No_MMseqs	No_MMseqs	No_MMseqs	No_MMseqs	No_MMseqs_PHROG_hit	27904	168.502151	5.304311508483024e-50	No_custom_HMM	No_custom_HMM	No_custom_HMM	27904	PHANOTATE_1.5.1	CDS	#c9c9c9	hypothetical protein	unknown function	None	None	None	None	None	None	None	None	None	None	None	None	None	None	None	None	None	None	None	11
Ef-P16-208_CDS_0130	100574	100879	+	Ef-P16-208	-11.937609864309811	No_MMseqs	No_MMseqs	No_MMseqs	No_MMseqs	No_MMseqs_PHROG_hit	No_PHROGs_HMM	No_PHROGs_HMM	No_PHROGs_HMM	No_custom_HMM	No_custom_HMM	No_custom_HMM	No_PHROGs_HMM	PHANOTATE_1.5.1	CDS	None	hypothetical protein	unknown function	None	None	None	None	None	None	None	None	None	None	None	None	None	None	None	None	None	None	None	11
Ef-P16-208_CDS_0131	100867	100968	+	Ef-P16-208	-41.06631125766028	No_MMseqs	No_MMseqs	No_MMseqs	No_MMseqs	No_MMseqs_PHROG_hit	5861	31.589352	2.9032755290211375e-07	No_custom_HMM	No_custom_HMM	No_custom_HMM	5861	PHANOTATE_1.5.1	CDS	#c9c9c9	hypothetical protein	unknown function	None	None	None	None	None	None	None	None	None	None	None	None	None	None	None	None	None	None	None	11
Ef-P16-208_CDS_0132	100981	101340	+	Ef-P16-208	-5744.719474038797	No_MMseqs	No_MMseqs	No_MMseqs	No_MMseqs	No_MMseqs_PHROG_hit	23244	257.376953	2.985727183110367e-77	No_custom_HMM	No_custom_HMM	No_custom_HMM	23244	PHANOTATE_1.5.1	CDS	#c9c9c9	hypothetical protein	unknown function	None	None	None	None	None	None	None	None	None	None	None	None	None	None	None	None	None	None	None	11
Ef-P16-208_CDS_0133	101345	101446	+	Ef-P16-208	-2.5278510979022846	No_MMseqs	No_MMseqs	No_MMseqs	No_MMseqs	No_MMseqs_PHROG_hit	29866	88.244301	3.4117012282406067e-25	No_custom_HMM	No_custom_HMM	No_custom_HMM	29866	PHANOTATE_1.5.1	CDS	#c9c9c9	hypothetical protein	unknown function	None	None	None	None	None	None	None	None	None	None	None	None	None	None	None	None	None	None	None	11
Ef-P16-208_CDS_0134	102396	102292	-	Ef-P16-208	-0.1040716236003849	No_MMseqs	No_MMseqs	No_MMseqs	No_MMseqs	No_MMseqs_PHROG_hit	No_PHROGs_HMM	No_PHROGs_HMM	No_PHROGs_HMM	No_custom_HMM	No_custom_HMM	No_custom_HMM	No_PHROGs_HMM	PHANOTATE_1.5.1	CDS	None	hypothetical protein	unknown function	None	None	None	None	None	None	None	None	None	None	None	None	None	None	None	None	None	None	None	11
Ef-P16-208_CDS_0135	102388	102660	+	Ef-P16-208	-36.17794487819904	No_MMseqs	No_MMseqs	No_MMseqs	No_MMseqs	No_MMseqs_PHROG_hit	28291	179.149475	2.736274193293092e-53	No_custom_HMM	No_custom_HMM	No_custom_HMM	28291	PHANOTATE_1.5.1	CDS	#c9c9c9	hypothetical protein	unknown function	None	None	None	None	None	None	None	None	None	None	None	None	None	None	None	None	None	None	None	11
Ef-P16-208_CDS_0136	102694	103005	+	Ef-P16-208	-40.22453049938499	No_MMseqs	No_MMseqs	No_MMseqs	No_MMseqs	No_MMseqs_PHROG_hit	33327	169.065964	4.72383694832341e-50	No_custom_HMM	No_custom_HMM	No_custom_HMM	33327	PHANOTATE_1.5.1	CDS	#c9c9c9	hypothetical protein	unknown function	None	None	None	None	None	None	None	None	None	None	None	None	None	None	None	None	None	None	None	11
Ef-P16-208_CDS_0137	103077	103301	+	Ef-P16-208	-49.434385937611	No_MMseqs	No_MMseqs	No_MMseqs	No_MMseqs	No_MMseqs_PHROG_hit	24238	149.456711	4.649017371851802e-44	No_custom_HMM	No_custom_HMM	No_custom_HMM	24238	PHANOTATE_1.5.1	CDS	#c9c9c9	hypothetical protein	unknown function	None	None	None	None	None	None	None	None	None	None	None	None	None	None	None	None	None	None	None	11
Ef-P16-208_CDS_0138	103400	104095	+	Ef-P16-208	-564853.8758192597	No_MMseqs	No_MMseqs	No_MMseqs	No_MMseqs	No_MMseqs_PHROG_hit	22029	494.417542	8.783606370400288e-149	No_custom_HMM	No_custom_HMM	No_custom_HMM	22029	PHANOTATE_1.5.1	CDS	#c9c9c9	hypothetical protein	unknown function	None	None	None	None	None	None	None	None	None	None	None	None	None	None	None	None	None	None	None	11
Ef-P16-208_CDS_0139	104233	104406	+	Ef-P16-208	-1.667335130305022	No_MMseqs	No_MMseqs	No_MMseqs	No_MMseqs	No_MMseqs_PHROG_hit	No_PHROGs_HMM	No_PHROGs_HMM	No_PHROGs_HMM	No_custom_HMM	No_custom_HMM	No_custom_HMM	No_PHROGs_HMM	PHANOTATE_1.5.1	CDS	None	hypothetical protein	unknown function	None	None	None	None	None	None	None	None	None	None	None	None	None	None	None	None	None	None	None	11
Ef-P16-208_CDS_0140	104428	104703	+	Ef-P16-208	-77.53481357223335	No_MMseqs	No_MMseqs	No_MMseqs	No_MMseqs	No_MMseqs_PHROG_hit	9817	111.842484	3.076769169153231e-32	No_custom_HMM	No_custom_HMM	No_custom_HMM	9817	PHANOTATE_1.5.1	CDS	#c9c9c9	hypothetical protein	unknown function	None	None	None	None	None	None	None	None	None	None	None	None	None	None	None	None	None	None	None	11
Ef-P16-208_CDS_0141	104743	104856	+	Ef-P16-208	-6.213399753271844	No_MMseqs	No_MMseqs	No_MMseqs	No_MMseqs	No_MMseqs_PHROG_hit	28273	65.093597	7.11742873153025e-18	No_custom_HMM	No_custom_HMM	No_custom_HMM	28273	PHANOTATE_1.5.1	CDS	#c9c9c9	hypothetical protein	unknown function	None	None	None	None	None	None	None	None	None	None	None	None	None	None	None	None	None	None	None	11
Ef-P16-208_CDS_0142	104937	105203	+	Ef-P16-208	-4.014668124555936	No_MMseqs	No_MMseqs	No_MMseqs	No_MMseqs	No_MMseqs_PHROG_hit	No_PHROGs_HMM	No_PHROGs_HMM	No_PHROGs_HMM	No_custom_HMM	No_custom_HMM	No_custom_HMM	No_PHROGs_HMM	PHANOTATE_1.5.1	CDS	None	hypothetical protein	unknown function	None	None	None	None	None	None	None	None	None	None	None	None	None	None	None	None	None	None	None	11
Ef-P16-208_CDS_0143	105222	105389	+	Ef-P16-208	-0.203530487310969	No_MMseqs	No_MMseqs	No_MMseqs	No_MMseqs	No_MMseqs_PHROG_hit	No_PHROGs_HMM	No_PHROGs_HMM	No_PHROGs_HMM	No_custom_HMM	No_custom_HMM	No_custom_HMM	No_PHROGs_HMM	PHANOTATE_1.5.1	CDS	None	hypothetical protein	unknown function	None	None	None	None	None	None	None	None	None	None	None	None	None	None	None	None	None	None	None	11
Ef-P16-208_CDS_0144	105787	105467	-	Ef-P16-208	-683.2512596521091	No_MMseqs	No_MMseqs	No_MMseqs	No_MMseqs	No_MMseqs_PHROG_hit	23671	235.342331	1.4531062730231754e-70	No_custom_HMM	No_custom_HMM	No_custom_HMM	23671	PHANOTATE_1.5.1	CDS	#c9c9c9	hypothetical protein	unknown function	None	None	None	None	None	None	None	None	None	None	None	None	None	None	None	None	None	None	None	11
Ef-P16-208_CDS_0145	106152	105841	-	Ef-P16-208	-369.46651247327173	No_MMseqs	No_MMseqs	No_MMseqs	No_MMseqs	No_MMseqs_PHROG_hit	2169	107.732498	4.851927244152534e-31	No_custom_HMM	No_custom_HMM	No_custom_HMM	2169	PHANOTATE_1.5.1	CDS	#ff59f5	membrane protein	moron, auxiliary metabolic gene and host takeover	None	None	None	None	None	None	None	None	None	None	None	None	None	None	None	None	None	None	None	11
Ef-P16-208_CDS_0146	106286	106191	-	Ef-P16-208	-1.3450269611463392	No_MMseqs	No_MMseqs	No_MMseqs	No_MMseqs	No_MMseqs_PHROG_hit	No_PHROGs_HMM	No_PHROGs_HMM	No_PHROGs_HMM	No_custom_HMM	No_custom_HMM	No_custom_HMM	No_PHROGs_HMM	PHANOTATE_1.5.1	CDS	None	hypothetical protein	unknown function	None	None	None	None	None	None	None	None	None	None	None	None	None	None	None	None	None	None	None	11
Ef-P16-208_CDS_0147	106980	106258	-	Ef-P16-208	-554546.6422526719	No_MMseqs	No_MMseqs	No_MMseqs	No_MMseqs	No_MMseqs_PHROG_hit	24096	474.417603	1.486749753043419e-142	No_custom_HMM	No_custom_HMM	No_custom_HMM	24096	PHANOTATE_1.5.1	CDS	#c9c9c9	hypothetical protein	unknown function	None	None	None	None	None	None	None	None	None	None	None	None	None	None	None	None	None	None	None	11
Ef-P16-208_CDS_0148	107246	106977	-	Ef-P16-208	-111.23792321492031	No_MMseqs	No_MMseqs	No_MMseqs	No_MMseqs	No_MMseqs_PHROG_hit	27713	125.102539	1.551503289213356e-36	No_custom_HMM	No_custom_HMM	No_custom_HMM	27713	PHANOTATE_1.5.1	CDS	#c9c9c9	hypothetical protein	unknown function	None	None	None	None	None	None	None	None	None	None	None	None	None	None	None	None	None	None	None	11
Ef-P16-208_CDS_0149	107552	107247	-	Ef-P16-208	-332.48329350784934	No_MMseqs	No_MMseqs	No_MMseqs	No_MMseqs	No_MMseqs_PHROG_hit	14729	151.399323	1.1619461068096398e-44	No_custom_HMM	No_custom_HMM	No_custom_HMM	14729	PHANOTATE_1.5.1	CDS	#c9c9c9	hypothetical protein	unknown function	None	None	None	None	None	None	None	None	None	None	None	None	None	None	None	None	None	None	None	11
Ef-P16-208_CDS_0150	107522	107626	+	Ef-P16-208	-0.089877832753567	No_MMseqs	No_MMseqs	No_MMseqs	No_MMseqs	No_MMseqs_PHROG_hit	No_PHROGs_HMM	No_PHROGs_HMM	No_PHROGs_HMM	No_custom_HMM	No_custom_HMM	No_custom_HMM	No_PHROGs_HMM	PHANOTATE_1.5.1	CDS	None	hypothetical protein	unknown function	None	None	None	None	None	None	None	None	None	None	None	None	None	None	None	None	None	None	None	11
Ef-P16-208_CDS_0151	107939	107775	-	Ef-P16-208	-13.431572489678937	No_MMseqs	No_MMseqs	No_MMseqs	No_MMseqs	No_MMseqs_PHROG_hit	24581	133.750809	3.6361198652547174e-39	No_custom_HMM	No_custom_HMM	No_custom_HMM	24581	PHANOTATE_1.5.1	CDS	#c9c9c9	hypothetical protein	unknown function	None	None	None	None	None	None	None	None	None	None	None	None	None	None	None	None	None	None	None	11
Ef-P16-208_CDS_0152	108234	108010	-	Ef-P16-208	-393.76491054483887	No_MMseqs	No_MMseqs	No_MMseqs	No_MMseqs	No_MMseqs_PHROG_hit	26673	182.198792	2.966894283770842e-54	No_custom_HMM	No_custom_HMM	No_custom_HMM	26673	PHANOTATE_1.5.1	CDS	#c9c9c9	hypothetical protein	unknown function	None	None	None	None	None	None	None	None	None	None	None	None	None	None	None	None	None	None	None	11
Ef-P16-208_CDS_0153	108499	108248	-	Ef-P16-208	-112.43752315656003	No_MMseqs	No_MMseqs	No_MMseqs	No_MMseqs	No_MMseqs_PHROG_hit	13036	161.086014	1.225186440105819e-47	No_custom_HMM	No_custom_HMM	No_custom_HMM	13036	PHANOTATE_1.5.1	CDS	#c9c9c9	hypothetical protein	unknown function	None	None	None	None	None	None	None	None	None	None	None	None	None	None	None	None	None	None	None	11
Ef-P16-208_CDS_0154	108880	108500	-	Ef-P16-208	-16522.914481547097	No_MMseqs	No_MMseqs	No_MMseqs	No_MMseqs	No_MMseqs_PHROG_hit	37431	288.938232	6.8636801055402745e-87	No_custom_HMM	No_custom_HMM	No_custom_HMM	37431	PHANOTATE_1.5.1	CDS	#c9c9c9	hypothetical protein	unknown function	None	None	None	None	None	None	None	None	None	None	None	None	None	None	None	None	None	None	None	11
Ef-P16-208_CDS_0155	109059	108901	-	Ef-P16-208	-18.794527080522183	No_MMseqs	No_MMseqs	No_MMseqs	No_MMseqs	No_MMseqs_PHROG_hit	No_PHROGs_HMM	No_PHROGs_HMM	No_PHROGs_HMM	No_custom_HMM	No_custom_HMM	No_custom_HMM	No_PHROGs_HMM	PHANOTATE_1.5.1	CDS	None	hypothetical protein	unknown function	None	None	None	None	None	None	None	None	None	None	None	None	None	None	None	None	None	None	None	11
Ef-P16-208_CDS_0156	109314	109117	-	Ef-P16-208	-31.038521132859834	No_MMseqs	No_MMseqs	No_MMseqs	No_MMseqs	No_MMseqs_PHROG_hit	8315	94.23114	8.584073929822868e-27	No_custom_HMM	No_custom_HMM	No_custom_HMM	8315	PHANOTATE_1.5.1	CDS	#c9c9c9	hypothetical protein	unknown function	None	None	None	None	None	None	None	None	None	None	None	None	None	None	None	None	None	None	None	11
Ef-P16-208_CDS_0157	109829	109314	-	Ef-P16-208	-14551.994047633052	No_MMseqs	No_MMseqs	No_MMseqs	No_MMseqs	No_MMseqs_PHROG_hit	121	115.727859	5.313588122098609e-33	No_custom_HMM	No_custom_HMM	No_custom_HMM	121	PHANOTATE_1.5.1	CDS	#c9c9c9	hypothetical protein	unknown function	None	None	None	None	None	None	None	None	None	None	None	None	None	None	None	None	None	None	None	11
Ef-P16-208_CDS_0158	110090	109842	-	Ef-P16-208	-970.8306917376392	No_MMseqs	No_MMseqs	No_MMseqs	No_MMseqs	No_MMseqs_PHROG_hit	13840	158.162796	1.351681722711185e-46	No_custom_HMM	No_custom_HMM	No_custom_HMM	13840	PHANOTATE_1.5.1	CDS	#c9c9c9	hypothetical protein	unknown function	None	None	None	None	None	None	None	None	None	None	None	None	None	None	None	None	None	None	None	11
Ef-P16-208_CDS_0159	110627	110103	-	Ef-P16-208	-74975.0928667707	No_MMseqs	No_MMseqs	No_MMseqs	No_MMseqs	No_MMseqs_PHROG_hit	121	165.693161	3.205538729563732e-48	No_custom_HMM	No_custom_HMM	No_custom_HMM	121	PHANOTATE_1.5.1	CDS	#c9c9c9	hypothetical protein	unknown function	None	None	None	None	None	None	None	None	None	None	None	None	None	None	None	None	None	None	None	11
Ef-P16-208_CDS_0160	111020	110628	-	Ef-P16-208	-4696.416233692433	No_MMseqs	No_MMseqs	No_MMseqs	No_MMseqs	No_MMseqs_PHROG_hit	1150	113.956696	9.534492944189142e-33	No_custom_HMM	No_custom_HMM	No_custom_HMM	1150	PHANOTATE_1.5.1	CDS	#c9c9c9	hypothetical protein	unknown function	None	None	None	None	None	None	None	None	None	None	None	None	None	None	None	None	None	None	None	11
Ef-P16-208_CDS_0161	111372	111013	-	Ef-P16-208	-34797.4418808408	No_MMseqs	No_MMseqs	No_MMseqs	No_MMseqs	No_MMseqs_PHROG_hit	1150	99.016266	4.0626599171002895e-28	No_custom_HMM	No_custom_HMM	No_custom_HMM	1150	PHANOTATE_1.5.1	CDS	#c9c9c9	hypothetical protein	unknown function	None	None	None	None	None	None	None	None	None	None	None	None	None	None	None	None	None	None	None	11
Ef-P16-208_CDS_0162	111546	111376	-	Ef-P16-208	-23.064092448336268	No_MMseqs	No_MMseqs	No_MMseqs	No_MMseqs	No_MMseqs_PHROG_hit	1997	86.463638	2.0936992008067394e-24	No_custom_HMM	No_custom_HMM	No_custom_HMM	1997	PHANOTATE_1.5.1	CDS	#c9c9c9	hypothetical protein	unknown function	None	None	None	None	None	None	None	None	None	None	None	None	None	None	None	None	None	None	None	11
Ef-P16-208_CDS_0163	112076	111534	-	Ef-P16-208	-918240.1896537913	No_MMseqs	No_MMseqs	No_MMseqs	No_MMseqs	No_MMseqs_PHROG_hit	24858	404.27475	8.788376286275764e-122	No_custom_HMM	No_custom_HMM	No_custom_HMM	24858	PHANOTATE_1.5.1	CDS	#c9c9c9	hypothetical protein	unknown function	None	None	None	None	None	None	None	None	None	None	None	None	None	None	None	None	None	None	None	11
Ef-P16-208_CDS_0164	112543	112079	-	Ef-P16-208	-61325.25387146019	No_MMseqs	No_MMseqs	No_MMseqs	No_MMseqs	No_MMseqs_PHROG_hit	25596	358.473511	8.150949646920546e-108	No_custom_HMM	No_custom_HMM	No_custom_HMM	25596	PHANOTATE_1.5.1	CDS	#c9c9c9	hypothetical protein	unknown function	None	None	None	None	None	None	None	None	None	None	None	None	None	None	None	None	None	None	None	11
Ef-P16-208_CDS_0165	112644	112540	-	Ef-P16-208	-10.63215550982378	No_MMseqs	No_MMseqs	No_MMseqs	No_MMseqs	No_MMseqs_PHROG_hit	29819	48.445187	1.7123782776835811e-12	No_custom_HMM	No_custom_HMM	No_custom_HMM	29819	PHANOTATE_1.5.1	CDS	#c9c9c9	hypothetical protein	unknown function	None	None	None	None	None	None	None	None	None	None	None	None	None	None	None	None	None	None	None	11
Ef-P16-208_CDS_0166	113122	112757	-	Ef-P16-208	-77507.00008300571	No_MMseqs	No_MMseqs	No_MMseqs	No_MMseqs	No_MMseqs_PHROG_hit	18751	245.965439	1.1629797820777877e-73	No_custom_HMM	No_custom_HMM	No_custom_HMM	18751	PHANOTATE_1.5.1	CDS	#c9c9c9	hypothetical protein	unknown function	None	None	None	None	None	None	None	None	None	None	None	None	None	None	None	None	None	None	None	11
Ef-P16-208_CDS_0167	113298	113119	-	Ef-P16-208	-22.032686073620336	No_MMseqs	No_MMseqs	No_MMseqs	No_MMseqs	No_MMseqs_PHROG_hit	27680	135.674347	8.999492932243029e-40	No_custom_HMM	No_custom_HMM	No_custom_HMM	27680	PHANOTATE_1.5.1	CDS	#c9c9c9	hypothetical protein	unknown function	None	None	None	None	None	None	None	None	None	None	None	None	None	None	None	None	None	None	None	11
Ef-P16-208_CDS_0168	113830	113312	-	Ef-P16-208	-171349.72975966753	No_MMseqs	No_MMseqs	No_MMseqs	No_MMseqs	No_MMseqs_PHROG_hit	1017	169.900162	9.365870473463165e-50	No_custom_HMM	No_custom_HMM	No_custom_HMM	1017	PHANOTATE_1.5.1	CDS	#c9c9c9	hypothetical protein	unknown function	None	None	None	None	None	None	None	None	None	None	None	None	None	None	None	None	None	None	None	11
Ef-P16-208_CDS_0169	114304	113831	-	Ef-P16-208	-457932.2384670688	No_MMseqs	No_MMseqs	No_MMseqs	No_MMseqs	No_MMseqs_PHROG_hit	27332	347.053406	2.3988740610595584e-104	No_custom_HMM	No_custom_HMM	No_custom_HMM	27332	PHANOTATE_1.5.1	CDS	#c9c9c9	hypothetical protein	unknown function	None	None	None	None	None	None	None	None	None	None	None	None	None	None	None	None	None	None	None	11
Ef-P16-208_CDS_0170	115011	114301	-	Ef-P16-208	-632829.1658713082	No_MMseqs	No_MMseqs	No_MMseqs	No_MMseqs	No_MMseqs_PHROG_hit	21779	505.375916	5.276116389067999e-152	No_custom_HMM	No_custom_HMM	No_custom_HMM	21779	PHANOTATE_1.5.1	CDS	#3e83f6	minor head protein	head and packaging	None	None	None	None	None	None	None	None	None	None	None	None	None	None	None	None	None	None	None	11
Ef-P16-208_CDS_0171	115477	115037	-	Ef-P16-208	-1216.5324280618436	No_MMseqs	No_MMseqs	No_MMseqs	No_MMseqs	No_MMseqs_PHROG_hit	9516	210.273819	1.8503084553003285e-62	No_custom_HMM	No_custom_HMM	No_custom_HMM	9516	PHANOTATE_1.5.1	CDS	#ffdf59	replication initiation protein	DNA, RNA and nucleotide metabolism	None	None	None	None	None	None	None	None	None	None	None	None	None	None	None	None	None	None	None	11
Ef-P16-208_CDS_0172	115715	115527	-	Ef-P16-208	-53.86045576516712	No_MMseqs	No_MMseqs	No_MMseqs	No_MMseqs	No_MMseqs_PHROG_hit	23831	149.196259	5.811480771318491e-44	No_custom_HMM	No_custom_HMM	No_custom_HMM	23831	PHANOTATE_1.5.1	CDS	#c9c9c9	hypothetical protein	unknown function	None	None	None	None	None	None	None	None	None	None	None	None	None	None	None	None	None	None	None	11
Ef-P16-208_CDS_0173	116173	115712	-	Ef-P16-208	-38942.19186141358	No_MMseqs	No_MMseqs	No_MMseqs	No_MMseqs	No_MMseqs_PHROG_hit	34873	121.73436	6.9115427878088e-35	No_custom_HMM	No_custom_HMM	No_custom_HMM	34873	PHANOTATE_1.5.1	CDS	#c9c9c9	hypothetical protein	unknown function	None	None	None	None	None	None	None	None	None	None	None	None	None	None	None	None	None	None	None	11
Ef-P16-208_CDS_0174	116363	116187	-	Ef-P16-208	-39.83920330438252	No_MMseqs	No_MMseqs	No_MMseqs	No_MMseqs	No_MMseqs_PHROG_hit	26236	148.824646	6.482527044793384e-44	No_custom_HMM	No_custom_HMM	No_custom_HMM	26236	PHANOTATE_1.5.1	CDS	#c9c9c9	hypothetical protein	unknown function	None	None	None	None	None	None	None	None	None	None	None	None	None	None	None	None	None	None	None	11
Ef-P16-208_CDS_0175	116557	116360	-	Ef-P16-208	-3.198241681429876	No_MMseqs	No_MMseqs	No_MMseqs	No_MMseqs	No_MMseqs_PHROG_hit	3458	105.758171	2.1499960871948718e-30	No_custom_HMM	No_custom_HMM	No_custom_HMM	3458	PHANOTATE_1.5.1	CDS	#c9c9c9	hypothetical protein	unknown function	None	None	None	None	None	None	None	None	None	None	None	None	None	None	None	None	None	None	None	11
Ef-P16-208_CDS_0176	116991	116554	-	Ef-P16-208	-3050.194240788792	No_MMseqs	No_MMseqs	No_MMseqs	No_MMseqs	No_MMseqs_PHROG_hit	22581	321.924988	1.0873198018090284e-96	No_custom_HMM	No_custom_HMM	No_custom_HMM	22581	PHANOTATE_1.5.1	CDS	#c9c9c9	hypothetical protein	unknown function	None	None	None	None	None	None	None	None	None	None	None	None	None	None	None	None	None	None	None	11
Ef-P16-208_CDS_0177	117766	117083	-	Ef-P16-208	-200185.8981264496	No_MMseqs	No_MMseqs	No_MMseqs	No_MMseqs	No_MMseqs_PHROG_hit	20114	185.268356	1.113579650987211e-54	No_custom_HMM	No_custom_HMM	No_custom_HMM	20114	PHANOTATE_1.5.1	CDS	#838383	phosphoesterase	other	None	None	None	None	None	None	None	None	None	None	None	None	None	None	None	None	None	None	None	11
Ef-P16-208_CDS_0178	118299	117820	-	Ef-P16-208	-3068.1912112035734	No_MMseqs	No_MMseqs	No_MMseqs	No_MMseqs	No_MMseqs_PHROG_hit	25394	341.306976	1.3930339555877274e-102	No_custom_HMM	No_custom_HMM	No_custom_HMM	25394	PHANOTATE_1.5.1	CDS	#c9c9c9	hypothetical protein	unknown function	None	None	None	None	None	None	None	None	None	None	None	None	None	None	None	None	None	None	None	11
Ef-P16-208_CDS_0179	118554	118303	-	Ef-P16-208	-81.95140751449716	No_MMseqs	No_MMseqs	No_MMseqs	No_MMseqs	No_MMseqs_PHROG_hit	17785	170.974182	1.158394776881175e-50	No_custom_HMM	No_custom_HMM	No_custom_HMM	17785	PHANOTATE_1.5.1	CDS	#c9c9c9	hypothetical protein	unknown function	None	None	None	None	None	None	None	None	None	None	None	None	None	None	None	None	None	None	None	11
Ef-P16-208_CDS_0180	119162	118551	-	Ef-P16-208	-261448.94524737788	No_MMseqs	No_MMseqs	No_MMseqs	No_MMseqs	No_MMseqs_PHROG_hit	547	165.351059	2.4411355787333842e-48	No_custom_HMM	No_custom_HMM	No_custom_HMM	547	PHANOTATE_1.5.1	CDS	#838383	phosphoesterase	other	None	None	None	None	None	None	None	None	None	None	None	None	None	None	None	None	None	None	None	11
Ef-P16-208_CDS_0181	119490	119173	-	Ef-P16-208	-34.69101020730993	No_MMseqs	No_MMseqs	No_MMseqs	No_MMseqs	No_MMseqs_PHROG_hit	2470	93.671822	1.7880761246506075e-26	No_custom_HMM	No_custom_HMM	No_custom_HMM	2470	PHANOTATE_1.5.1	CDS	#ff59f5	membrane protein	moron, auxiliary metabolic gene and host takeover	None	None	None	None	None	None	None	None	None	None	None	None	None	None	None	None	None	None	None	11
Ef-P16-208_CDS_0182	119642	119520	-	Ef-P16-208	-11.235506502461536	No_MMseqs	No_MMseqs	No_MMseqs	No_MMseqs	No_MMseqs_PHROG_hit	13234	52.421574	6.186737151594938e-14	No_custom_HMM	No_custom_HMM	No_custom_HMM	13234	PHANOTATE_1.5.1	CDS	#c9c9c9	hypothetical protein	unknown function	None	None	None	None	None	None	None	None	None	None	None	None	None	None	None	None	None	None	None	11
Ef-P16-208_CDS_0183	120133	119723	-	Ef-P16-208	-12591.823082389525	No_MMseqs	No_MMseqs	No_MMseqs	No_MMseqs	No_MMseqs_PHROG_hit	3523	142.700897	3.2360965692352047e-41	No_custom_HMM	No_custom_HMM	No_custom_HMM	3523	PHANOTATE_1.5.1	CDS	#c9c9c9	hypothetical protein	unknown function	None	None	None	None	None	None	None	None	None	None	None	None	None	None	None	None	None	None	None	11
Ef-P16-208_CDS_0184	120534	120157	-	Ef-P16-208	-181269.91632097753	No_MMseqs	No_MMseqs	No_MMseqs	No_MMseqs	No_MMseqs_PHROG_hit	3523	96.8731	2.8831407733163064e-27	No_custom_HMM	No_custom_HMM	No_custom_HMM	3523	PHANOTATE_1.5.1	CDS	#c9c9c9	hypothetical protein	unknown function	None	None	None	None	None	None	None	None	None	None	None	None	None	None	None	None	None	None	None	11
Ef-P16-208_CDS_0185	120759	120547	-	Ef-P16-208	-194.71178479956816	No_MMseqs	No_MMseqs	No_MMseqs	No_MMseqs	No_MMseqs_PHROG_hit	3523	82.411095	7.278755307848629e-23	No_custom_HMM	No_custom_HMM	No_custom_HMM	3523	PHANOTATE_1.5.1	CDS	#c9c9c9	hypothetical protein	unknown function	None	None	None	None	None	None	None	None	None	None	None	None	None	None	None	None	None	None	None	11
Ef-P16-208_CDS_0186	121021	120848	-	Ef-P16-208	-35.88139923391704	No_MMseqs	No_MMseqs	No_MMseqs	No_MMseqs	No_MMseqs_PHROG_hit	36572	142.885117	5.416983832845891e-42	No_custom_HMM	No_custom_HMM	No_custom_HMM	36572	PHANOTATE_1.5.1	CDS	#c9c9c9	hypothetical protein	unknown function	None	None	None	None	None	None	None	None	None	None	None	None	None	None	None	None	None	None	None	11
Ef-P16-208_CDS_0187	121355	121011	-	Ef-P16-208	-7310.184829284874	No_MMseqs	No_MMseqs	No_MMseqs	No_MMseqs	No_MMseqs_PHROG_hit	38641	243.842697	4.38315487714284e-73	No_custom_HMM	No_custom_HMM	No_custom_HMM	38641	PHANOTATE_1.5.1	CDS	#c9c9c9	hypothetical protein	unknown function	None	None	None	None	None	None	None	None	None	None	None	None	None	None	None	None	None	None	None	11
Ef-P16-208_CDS_0188	121609	121355	-	Ef-P16-208	-144.8189647547688	No_MMseqs	No_MMseqs	No_MMseqs	No_MMseqs	No_MMseqs_PHROG_hit	8623	145.380554	6.569618966663925e-43	No_custom_HMM	No_custom_HMM	No_custom_HMM	8623	PHANOTATE_1.5.1	CDS	#c9c9c9	hypothetical protein	unknown function	None	None	None	None	None	None	None	None	None	None	None	None	None	None	None	None	None	None	None	11
Ef-P16-208_CDS_0189	121844	121590	-	Ef-P16-208	-175.1446775678926	No_MMseqs	No_MMseqs	No_MMseqs	No_MMseqs	No_MMseqs_PHROG_hit	17548	158.231064	7.306786441528152e-47	No_custom_HMM	No_custom_HMM	No_custom_HMM	17548	PHANOTATE_1.5.1	CDS	#c9c9c9	hypothetical protein	unknown function	None	None	None	None	None	None	None	None	None	None	None	None	None	None	None	None	None	None	None	11
Ef-P16-208_CDS_0190	122190	121855	-	Ef-P16-208	-598.0479120017892	No_MMseqs	No_MMseqs	No_MMseqs	No_MMseqs	No_MMseqs_PHROG_hit	27394	256.956573	3.388570105390901e-77	No_custom_HMM	No_custom_HMM	No_custom_HMM	27394	PHANOTATE_1.5.1	CDS	#c9c9c9	hypothetical protein	unknown function	None	None	None	None	None	None	None	None	None	None	None	None	None	None	None	None	None	None	None	11
Ef-P16-208_CDS_0191	122602	122165	-	Ef-P16-208	-10208.052778536829	No_MMseqs	No_MMseqs	No_MMseqs	No_MMseqs	No_MMseqs_PHROG_hit	121	73.398842	4.157709262030464e-20	No_custom_HMM	No_custom_HMM	No_custom_HMM	121	PHANOTATE_1.5.1	CDS	#c9c9c9	hypothetical protein	unknown function	None	None	None	None	None	None	None	None	None	None	None	None	None	None	None	None	None	None	None	11
Ef-P16-208_CDS_0192	123079	122618	-	Ef-P16-208	-2463.3126207971136	No_MMseqs	No_MMseqs	No_MMseqs	No_MMseqs	No_MMseqs_PHROG_hit	20281	300.146149	5.479067846256752e-90	No_custom_HMM	No_custom_HMM	No_custom_HMM	20281	PHANOTATE_1.5.1	CDS	#c9c9c9	hypothetical protein	unknown function	None	None	None	None	None	None	None	None	None	None	None	None	None	None	None	None	None	None	None	11
Ef-P16-208_CDS_0193	123299	123072	-	Ef-P16-208	-883.4810846239293	No_MMseqs	No_MMseqs	No_MMseqs	No_MMseqs	No_MMseqs_PHROG_hit	24237	176.825272	1.288285215384082e-52	No_custom_HMM	No_custom_HMM	No_custom_HMM	24237	PHANOTATE_1.5.1	CDS	#c9c9c9	hypothetical protein	unknown function	None	None	None	None	None	None	None	None	None	None	None	None	None	None	None	None	None	None	None	11
Ef-P16-208_CDS_0194	123718	123287	-	Ef-P16-208	-123574.15215842916	No_MMseqs	No_MMseqs	No_MMseqs	No_MMseqs	No_MMseqs_PHROG_hit	24145	330.9328	1.22761714695534e-99	No_custom_HMM	No_custom_HMM	No_custom_HMM	24145	PHANOTATE_1.5.1	CDS	#c9c9c9	hypothetical protein	unknown function	None	None	None	None	None	None	None	None	None	None	None	None	None	None	None	None	None	None	None	11
Ef-P16-208_CDS_0195	123951	123721	-	Ef-P16-208	-130.45080866177577	No_MMseqs	No_MMseqs	No_MMseqs	No_MMseqs	No_MMseqs_PHROG_hit	11679	125.581291	1.2120748191696202e-36	No_custom_HMM	No_custom_HMM	No_custom_HMM	11679	PHANOTATE_1.5.1	CDS	#c9c9c9	hypothetical protein	unknown function	None	None	None	None	None	None	None	None	None	None	None	None	None	None	None	None	None	None	None	11
Ef-P16-208_CDS_0196	124379	123948	-	Ef-P16-208	-37465.79513141928	No_MMseqs	No_MMseqs	No_MMseqs	No_MMseqs	No_MMseqs_PHROG_hit	23082	318.915955	7.771020154524722e-96	No_custom_HMM	No_custom_HMM	No_custom_HMM	23082	PHANOTATE_1.5.1	CDS	#c9c9c9	hypothetical protein	unknown function	None	None	None	None	None	None	None	None	None	None	None	None	None	None	None	None	None	None	None	11
Ef-P16-208_CDS_0197	124536	124384	-	Ef-P16-208	-12.395306245836975	No_MMseqs	No_MMseqs	No_MMseqs	No_MMseqs	No_MMseqs_PHROG_hit	31896	120.271225	4.477444280845828e-35	No_custom_HMM	No_custom_HMM	No_custom_HMM	31896	PHANOTATE_1.5.1	CDS	#c9c9c9	hypothetical protein	unknown function	None	None	None	None	None	None	None	None	None	None	None	None	None	None	None	None	None	None	None	11
Ef-P16-208_CDS_0198	125993	124536	-	Ef-P16-208	-35710520595326.04	No_MMseqs	No_MMseqs	No_MMseqs	No_MMseqs	No_MMseqs_PHROG_hit	160	258.214172	1.7986721397319444e-76	No_custom_HMM	No_custom_HMM	No_custom_HMM	160	PHANOTATE_1.5.1	CDS	#ffdf59	thymidylate synthase	DNA, RNA and nucleotide metabolism	None	None	None	None	None	None	None	None	None	None	None	None	None	None	None	None	None	None	None	11
Ef-P16-208_CDS_0199	126429	126043	-	Ef-P16-208	-375.4690597919484	No_MMseqs	No_MMseqs	No_MMseqs	No_MMseqs	No_MMseqs_PHROG_hit	1934	165.169525	1.7050395396124698e-48	No_custom_HMM	No_custom_HMM	No_custom_HMM	1934	PHANOTATE_1.5.1	CDS	#c9c9c9	hypothetical protein	unknown function	None	None	None	None	None	None	None	None	None	None	None	None	None	None	None	None	None	None	None	11
Ef-P16-208_CDS_0200	126670	126521	-	Ef-P16-208	-7.147084773635251	No_MMseqs	No_MMseqs	No_MMseqs	No_MMseqs	No_MMseqs_PHROG_hit	25022	125.354362	1.8433395152514006e-36	No_custom_HMM	No_custom_HMM	No_custom_HMM	25022	PHANOTATE_1.5.1	CDS	#c9c9c9	hypothetical protein	unknown function	None	None	None	None	None	None	None	None	None	None	None	None	None	None	None	None	None	None	None	11
Ef-P16-208_CDS_0201	127527	126670	-	Ef-P16-208	-152488441.42917347	No_MMseqs	No_MMseqs	No_MMseqs	No_MMseqs	No_MMseqs_PHROG_hit	200	235.813217	1.635641880118954e-69	No_custom_HMM	No_custom_HMM	No_custom_HMM	200	PHANOTATE_1.5.1	CDS	#838383	lipoprotein	other	None	None	None	None	None	None	None	None	None	None	None	None	None	None	None	None	None	None	None	11
Ef-P16-208_CDS_0202	128018	127689	-	Ef-P16-208	-325.7717208520972	No_MMseqs	No_MMseqs	No_MMseqs	No_MMseqs	No_MMseqs_PHROG_hit	7909	131.622925	1.8165202521642568e-38	No_custom_HMM	No_custom_HMM	No_custom_HMM	7909	PHANOTATE_1.5.1	CDS	#ffdf59	ribonucleoside-diphosphate reductase beta subunit	DNA, RNA and nucleotide metabolism	None	None	None	None	None	None	None	None	None	None	None	None	None	None	None	None	None	None	None	11
Ef-P16-208_CDS_0203	128243	128097	-	Ef-P16-208	-0.4329159071921603	No_MMseqs	No_MMseqs	No_MMseqs	No_MMseqs	No_MMseqs_PHROG_hit	No_PHROGs_HMM	No_PHROGs_HMM	No_PHROGs_HMM	No_custom_HMM	No_custom_HMM	No_custom_HMM	No_PHROGs_HMM	PHANOTATE_1.5.1	CDS	None	hypothetical protein	unknown function	None	None	None	None	None	None	None	None	None	None	None	None	None	None	None	None	None	None	None	11
Ef-P16-208_CDS_0204	129015	128386	-	Ef-P16-208	-1547.7545539789253	No_MMseqs	No_MMseqs	No_MMseqs	No_MMseqs	No_MMseqs_PHROG_hit	2081	194.919571	5.144404788058145e-57	No_custom_HMM	No_custom_HMM	No_custom_HMM	2081	PHANOTATE_1.5.1	CDS	#ffdf59	HNH endonuclease	DNA, RNA and nucleotide metabolism	None	None	None	None	None	None	None	None	None	None	None	None	None	None	None	None	None	None	None	11
Ef-P16-208_CDS_0205	129717	129130	-	Ef-P16-208	-408912.2883891912	No_MMseqs	No_MMseqs	No_MMseqs	No_MMseqs	No_MMseqs_PHROG_hit	24856	244.825562	1.1706743293609399e-72	No_custom_HMM	No_custom_HMM	No_custom_HMM	24856	PHANOTATE_1.5.1	CDS	#ffdf59	ribonucleotide reductase class Ia beta subunit	DNA, RNA and nucleotide metabolism	None	None	None	None	None	None	None	None	None	None	None	None	None	None	None	None	None	None	None	11
Ef-P16-208_CDS_0206	130098	129730	-	Ef-P16-208	-41.96360106713712	No_MMseqs	No_MMseqs	No_MMseqs	No_MMseqs	No_MMseqs_PHROG_hit	10616	142.736725	9.229284123152428e-42	No_custom_HMM	No_custom_HMM	No_custom_HMM	10616	PHANOTATE_1.5.1	CDS	#ffdf59	ribonucleotide reductase	DNA, RNA and nucleotide metabolism	None	None	None	None	None	None	None	None	None	None	None	None	None	None	None	None	None	None	None	11
Ef-P16-208_CDS_0207	131004	130219	-	Ef-P16-208	-8924.112918807468	No_MMseqs	No_MMseqs	No_MMseqs	No_MMseqs	No_MMseqs_PHROG_hit	8446	74.536728	1.768285769919519e-20	No_custom_HMM	No_custom_HMM	No_custom_HMM	8446	PHANOTATE_1.5.1	CDS	#ffdf59	HNH endonuclease	DNA, RNA and nucleotide metabolism	None	None	None	None	None	None	None	None	None	None	None	None	None	None	None	None	None	None	None	11
Ef-P16-208_CDS_0208	131096	131185	+	Ef-P16-208	-0.0476464718717247	No_MMseqs	No_MMseqs	No_MMseqs	No_MMseqs	No_MMseqs_PHROG_hit	No_PHROGs_HMM	No_PHROGs_HMM	No_PHROGs_HMM	No_custom_HMM	No_custom_HMM	No_custom_HMM	No_PHROGs_HMM	PHANOTATE_1.5.1	CDS	None	hypothetical protein	unknown function	None	None	None	None	None	None	None	None	None	None	None	None	None	None	None	None	None	None	None	11
Ef-P16-208_CDS_0209	132477	131323	-	Ef-P16-208	-46772692491.666046	No_MMseqs	No_MMseqs	No_MMseqs	No_MMseqs	No_MMseqs_PHROG_hit	84	394.537018	2.0620442106763304e-117	No_custom_HMM	No_custom_HMM	No_custom_HMM	84	PHANOTATE_1.5.1	CDS	#ffdf59	ribonucleoside-diphosphate reductase large subunit	DNA, RNA and nucleotide metabolism	None	None	None	None	None	None	None	None	None	None	None	None	None	None	None	None	None	None	None	11
Ef-P16-208_CDS_0210	133148	132630	-	Ef-P16-208	-556.4189229595543	No_MMseqs	No_MMseqs	No_MMseqs	No_MMseqs	No_MMseqs_PHROG_hit	59	148.863907	5.608536856455713e-43	No_custom_HMM	No_custom_HMM	No_custom_HMM	59	PHANOTATE_1.5.1	CDS	#ffdf59	HNH endonuclease	DNA, RNA and nucleotide metabolism	None	None	None	None	None	None	None	None	None	None	None	None	None	None	None	None	None	None	None	11
Ef-P16-208_CDS_0211	133880	133290	-	Ef-P16-208	-2150.5641996799395	No_MMseqs	No_MMseqs	No_MMseqs	No_MMseqs	No_MMseqs_PHROG_hit	6132	380.641174	3.3698874025087627e-113	No_custom_HMM	No_custom_HMM	No_custom_HMM	6132	PHANOTATE_1.5.1	CDS	#ffdf59	ribonucleotide reductase large subunit	DNA, RNA and nucleotide metabolism	None	None	None	None	None	None	None	None	None	None	None	None	None	None	None	None	None	None	None	11
Ef-P16-208_CDS_0212	134125	133883	-	Ef-P16-208	-1268.4128510394935	No_MMseqs	No_MMseqs	No_MMseqs	No_MMseqs	No_MMseqs_PHROG_hit	22	58.578156	1.5744524423935873e-15	No_custom_HMM	No_custom_HMM	No_custom_HMM	22	PHANOTATE_1.5.1	CDS	#ffdf59	thioredoxin domain	DNA, RNA and nucleotide metabolism	None	None	None	None	None	None	None	None	None	None	None	None	None	None	None	None	None	None	None	11
Ef-P16-208_CDS_0213	134458	134252	-	Ef-P16-208	-70.20472700270959	No_MMseqs	No_MMseqs	No_MMseqs	No_MMseqs	No_MMseqs_PHROG_hit	21429	125.705437	1.1232469952404015e-36	No_custom_HMM	No_custom_HMM	No_custom_HMM	21429	PHANOTATE_1.5.1	CDS	#c9c9c9	hypothetical protein	unknown function	None	None	None	None	None	None	None	None	None	None	None	None	None	None	None	None	None	None	None	11
Ef-P16-208_CDS_0214	134829	134524	-	Ef-P16-208	-167.4782618656606	No_MMseqs	No_MMseqs	No_MMseqs	No_MMseqs	No_MMseqs_PHROG_hit	18903	181.234818	7.221185915395512e-54	No_custom_HMM	No_custom_HMM	No_custom_HMM	18903	PHANOTATE_1.5.1	CDS	#c9c9c9	hypothetical protein	unknown function	None	None	None	None	None	None	None	None	None	None	None	None	None	None	None	None	None	None	None	11
Ef-P16-208_CDS_0215	135150	134920	-	Ef-P16-208	-5364.362536204981	No_MMseqs	No_MMseqs	No_MMseqs	No_MMseqs	No_MMseqs_PHROG_hit	3	49.933678	7.955674029654745e-13	No_custom_HMM	No_custom_HMM	No_custom_HMM	3	PHANOTATE_1.5.1	CDS	#a861e3	transcriptional repressor	transcription regulation	None	None	None	None	None	None	None	None	None	None	None	None	None	None	None	None	None	None	None	11
Ef-P16-208_CDS_0216	135438	135214	-	Ef-P16-208	-77.55010385635129	No_MMseqs	No_MMseqs	No_MMseqs	No_MMseqs	No_MMseqs_PHROG_hit	6885	129.701508	9.096616694020473e-38	No_custom_HMM	No_custom_HMM	No_custom_HMM	6885	PHANOTATE_1.5.1	CDS	#c9c9c9	hypothetical protein	unknown function	None	None	None	None	None	None	None	None	None	None	None	None	None	None	None	None	None	None	None	11
Ef-P16-208_CDS_0217	136611	135520	-	Ef-P16-208	-3682116732.784536	No_MMseqs	No_MMseqs	No_MMseqs	No_MMseqs	No_MMseqs_PHROG_hit	2376	402.780365	3.229393411463666e-120	No_custom_HMM	No_custom_HMM	No_custom_HMM	2376	PHANOTATE_1.5.1	CDS	#838383	ATPase	other	None	None	None	None	None	None	None	None	None	None	None	None	None	None	None	None	None	None	None	11
Ef-P16-208_CDS_0218	136833	136678	-	Ef-P16-208	-0.0804853096638398	No_MMseqs	No_MMseqs	No_MMseqs	No_MMseqs	No_MMseqs_PHROG_hit	No_PHROGs_HMM	No_PHROGs_HMM	No_PHROGs_HMM	No_custom_HMM	No_custom_HMM	No_custom_HMM	No_PHROGs_HMM	PHANOTATE_1.5.1	CDS	None	hypothetical protein	unknown function	None	None	None	None	None	None	None	None	None	None	None	None	None	None	None	None	None	None	None	11
Ef-P16-208_CDS_0219	137243	137142	-	Ef-P16-208	-0.3880731907846143	No_MMseqs	No_MMseqs	No_MMseqs	No_MMseqs	No_MMseqs_PHROG_hit	No_PHROGs_HMM	No_PHROGs_HMM	No_PHROGs_HMM	No_custom_HMM	No_custom_HMM	No_custom_HMM	No_PHROGs_HMM	PHANOTATE_1.5.1	CDS	None	hypothetical protein	unknown function	None	None	None	None	None	None	None	None	None	None	None	None	None	None	None	None	None	None	None	11
Ef-P16-208_CDS_0220	137637	137371	-	Ef-P16-208	-759.774618480091	No_MMseqs	No_MMseqs	No_MMseqs	No_MMseqs	No_MMseqs_PHROG_hit	9473	128.682068	1.735316709199728e-37	No_custom_HMM	No_custom_HMM	No_custom_HMM	9473	PHANOTATE_1.5.1	CDS	#c9c9c9	hypothetical protein	unknown function	None	None	None	None	None	None	None	None	None	None	None	None	None	None	None	None	None	None	None	11
Ef-P16-208_CDS_0221	137995	137849	-	Ef-P16-208	-3.248720556679478	No_MMseqs	No_MMseqs	No_MMseqs	No_MMseqs	No_MMseqs_PHROG_hit	No_PHROGs_HMM	No_PHROGs_HMM	No_PHROGs_HMM	No_custom_HMM	No_custom_HMM	No_custom_HMM	No_PHROGs_HMM	PHANOTATE_1.5.1	CDS	None	hypothetical protein	unknown function	None	None	None	None	None	None	None	None	None	None	None	None	None	None	None	None	None	None	None	11
Ef-P16-208_CDS_0222	138000	138107	+	Ef-P16-208	-3.219365912875365	No_MMseqs	No_MMseqs	No_MMseqs	No_MMseqs	No_MMseqs_PHROG_hit	No_PHROGs_HMM	No_PHROGs_HMM	No_PHROGs_HMM	No_custom_HMM	No_custom_HMM	No_custom_HMM	No_PHROGs_HMM	PHANOTATE_1.5.1	CDS	None	hypothetical protein	unknown function	None	None	None	None	None	None	None	None	None	None	None	None	None	None	None	None	None	None	None	11
Ef-P16-208_CDS_0223	138172	138294	+	Ef-P16-208	-4.444822564610812	No_MMseqs	No_MMseqs	No_MMseqs	No_MMseqs	No_MMseqs_PHROG_hit	No_PHROGs_HMM	No_PHROGs_HMM	No_PHROGs_HMM	No_custom_HMM	No_custom_HMM	No_custom_HMM	No_PHROGs_HMM	PHANOTATE_1.5.1	CDS	None	hypothetical protein	unknown function	None	None	None	None	None	None	None	None	None	None	None	None	None	None	None	None	None	None	None	11
Ef-P16-208_CDS_0224	138770	138898	+	Ef-P16-208	-0.1237853296566937	No_MMseqs	No_MMseqs	No_MMseqs	No_MMseqs	No_MMseqs_PHROG_hit	No_PHROGs_HMM	No_PHROGs_HMM	No_PHROGs_HMM	No_custom_HMM	No_custom_HMM	No_custom_HMM	No_PHROGs_HMM	PHANOTATE_1.5.1	CDS	None	hypothetical protein	unknown function	None	None	None	None	None	None	None	None	None	None	None	None	None	None	None	None	None	None	None	11
Ef-P16-208_CDS_0225	139181	139303	+	Ef-P16-208	-0.9778779853126156	No_MMseqs	No_MMseqs	No_MMseqs	No_MMseqs	No_MMseqs_PHROG_hit	No_PHROGs_HMM	No_PHROGs_HMM	No_PHROGs_HMM	No_custom_HMM	No_custom_HMM	No_custom_HMM	No_PHROGs_HMM	PHANOTATE_1.5.1	CDS	None	hypothetical protein	unknown function	None	None	None	None	None	None	None	None	None	None	None	None	None	None	None	None	None	None	None	11
Ef-P16-208_CDS_0226	139393	139503	+	Ef-P16-208	-0.4067754429323472	No_MMseqs	No_MMseqs	No_MMseqs	No_MMseqs	No_MMseqs_PHROG_hit	No_PHROGs_HMM	No_PHROGs_HMM	No_PHROGs_HMM	No_custom_HMM	No_custom_HMM	No_custom_HMM	No_PHROGs_HMM	PHANOTATE_1.5.1	CDS	None	hypothetical protein	unknown function	None	None	None	None	None	None	None	None	None	None	None	None	None	None	None	None	None	None	None	11
Ef-P16-208_CDS_0227	139782	139883	+	Ef-P16-208	-0.0727599441961723	No_MMseqs	No_MMseqs	No_MMseqs	No_MMseqs	No_MMseqs_PHROG_hit	No_PHROGs_HMM	No_PHROGs_HMM	No_PHROGs_HMM	No_custom_HMM	No_custom_HMM	No_custom_HMM	No_PHROGs_HMM	PHANOTATE_1.5.1	CDS	None	hypothetical protein	unknown function	None	None	None	None	None	None	None	None	None	None	None	None	None	None	None	None	None	None	None	11
Ef-P16-208_CDS_0228	139840	139962	+	Ef-P16-208	-0.2678313758673095	No_MMseqs	No_MMseqs	No_MMseqs	No_MMseqs	No_MMseqs_PHROG_hit	No_PHROGs_HMM	No_PHROGs_HMM	No_PHROGs_HMM	No_custom_HMM	No_custom_HMM	No_custom_HMM	No_PHROGs_HMM	PHANOTATE_1.5.1	CDS	None	hypothetical protein	unknown function	None	None	None	None	None	None	None	None	None	None	None	None	None	None	None	None	None	None	None	11
Ef-P16-208_CDS_0229	140279	140434	+	Ef-P16-208	-0.0795476381002564	No_MMseqs	No_MMseqs	No_MMseqs	No_MMseqs	No_MMseqs_PHROG_hit	No_PHROGs_HMM	No_PHROGs_HMM	No_PHROGs_HMM	No_custom_HMM	No_custom_HMM	No_custom_HMM	No_PHROGs_HMM	PHANOTATE_1.5.1	CDS	None	hypothetical protein	unknown function	None	None	None	None	None	None	None	None	None	None	None	None	None	None	None	None	None	None	None	11
Ef-P16-208_CDS_0230	140542	140658	+	Ef-P16-208	-0.1971294001177824	No_MMseqs	No_MMseqs	No_MMseqs	No_MMseqs	No_MMseqs_PHROG_hit	No_PHROGs_HMM	No_PHROGs_HMM	No_PHROGs_HMM	No_custom_HMM	No_custom_HMM	No_custom_HMM	No_PHROGs_HMM	PHANOTATE_1.5.1	CDS	None	hypothetical protein	unknown function	None	None	None	None	None	None	None	None	None	None	None	None	None	None	None	None	None	None	None	11
Ef-P16-208_CDS_0231	140712	140804	+	Ef-P16-208	-1.2049574487539292	No_MMseqs	No_MMseqs	No_MMseqs	No_MMseqs	No_MMseqs_PHROG_hit	No_PHROGs_HMM	No_PHROGs_HMM	No_PHROGs_HMM	No_custom_HMM	No_custom_HMM	No_custom_HMM	No_PHROGs_HMM	PHANOTATE_1.5.1	CDS	None	hypothetical protein	unknown function	None	None	None	None	None	None	None	None	None	None	None	None	None	None	None	None	None	None	None	11
Ef-P16-208_CDS_0232	141258	140920	-	Ef-P16-208	-1943.2505580309091	No_MMseqs	No_MMseqs	No_MMseqs	No_MMseqs	No_MMseqs_PHROG_hit	17190	217.366745	6.8134409857327786e-65	No_custom_HMM	No_custom_HMM	No_custom_HMM	17190	PHANOTATE_1.5.1	CDS	#3e83f6	virion structural protein	head and packaging	None	None	None	None	None	None	None	None	None	None	None	None	None	None	None	None	None	None	None	11
Ef-P16-208_CDS_0233	141666	141322	-	Ef-P16-208	-416.1148990056745	No_MMseqs	No_MMseqs	No_MMseqs	No_MMseqs	No_MMseqs_PHROG_hit	937	117.410027	8.141839242540535e-34	No_custom_HMM	No_custom_HMM	No_custom_HMM	937	PHANOTATE_1.5.1	CDS	#838383	hemolysin	other	None	None	None	None	None	None	None	None	None	None	None	None	None	None	None	None	None	None	None	11
Ef-P16-208_CDS_0234	141961	141701	-	Ef-P16-208	-37.511991350323456	No_MMseqs	No_MMseqs	No_MMseqs	No_MMseqs	No_MMseqs_PHROG_hit	17817	174.582397	8.747936498241773e-52	No_custom_HMM	No_custom_HMM	No_custom_HMM	17817	PHANOTATE_1.5.1	CDS	#ff59f5	membrane protein	moron, auxiliary metabolic gene and host takeover	None	None	None	None	None	None	None	None	None	None	None	None	None	None	None	None	None	None	None	11
Ef-P16-208_CDS_0235	142078	142347	+	Ef-P16-208	-92.73872677236125	No_MMseqs	No_MMseqs	No_MMseqs	No_MMseqs	No_MMseqs_PHROG_hit	3045	94.315948	7.224930353129373e-27	No_custom_HMM	No_custom_HMM	No_custom_HMM	3045	PHANOTATE_1.5.1	CDS	#ff59f5	membrane protein	moron, auxiliary metabolic gene and host takeover	None	None	None	None	None	None	None	None	None	None	None	None	None	None	None	None	None	None	None	11
Ef-P16-208_CDS_0236	142368	142646	+	Ef-P16-208	-58.569309400850166	No_MMseqs	No_MMseqs	No_MMseqs	No_MMseqs	No_MMseqs_PHROG_hit	1321	115.620346	2.066693067731039e-33	No_custom_HMM	No_custom_HMM	No_custom_HMM	1321	PHANOTATE_1.5.1	CDS	#c9c9c9	hypothetical protein	unknown function	None	None	None	None	None	None	None	None	None	None	None	None	None	None	None	None	None	None	None	11
Ef-P16-208_CDS_0237	142650	143078	+	Ef-P16-208	-22631.956759443496	No_MMseqs	No_MMseqs	No_MMseqs	No_MMseqs	No_MMseqs_PHROG_hit	1063	148.876724	2.099457937694401e-43	No_custom_HMM	No_custom_HMM	No_custom_HMM	1063	PHANOTATE_1.5.1	CDS	#3e83f6	terminase small subunit	head and packaging	None	None	None	None	None	None	None	None	None	None	None	None	None	None	None	None	None	None	None	11
Ef-P16-208_CDS_0238	143078	143281	+	Ef-P16-208	-22.57952067903569	No_MMseqs	No_MMseqs	No_MMseqs	No_MMseqs	No_MMseqs_PHROG_hit	5340	125.991295	7.75382443350743e-37	No_custom_HMM	No_custom_HMM	No_custom_HMM	5340	PHANOTATE_1.5.1	CDS	#3e83f6	terminase large subunit	head and packaging	None	None	None	None	None	None	None	None	None	None	None	None	None	None	None	None	None	None	None	11
Ef-P16-208_CDS_0239	143347	143240	-	Ef-P16-208	-0.0476249946140087	No_MMseqs	No_MMseqs	No_MMseqs	No_MMseqs	No_MMseqs_PHROG_hit	No_PHROGs_HMM	No_PHROGs_HMM	No_PHROGs_HMM	No_custom_HMM	No_custom_HMM	No_custom_HMM	No_PHROGs_HMM	PHANOTATE_1.5.1	CDS	None	hypothetical protein	unknown function	None	None	None	None	None	None	None	None	None	None	None	None	None	None	None	None	None	None	None	11
Ef-P16-208_CDS_0240	143574	143461	-	Ef-P16-208	-1.09017467330098	No_MMseqs	No_MMseqs	No_MMseqs	No_MMseqs	No_MMseqs_PHROG_hit	No_PHROGs_HMM	No_PHROGs_HMM	No_PHROGs_HMM	No_custom_HMM	No_custom_HMM	No_custom_HMM	No_PHROGs_HMM	PHANOTATE_1.5.1	CDS	None	hypothetical protein	unknown function	None	None	None	None	None	None	None	None	None	None	None	None	None	None	None	None	None	None	None	11
Ef-P16-208_CDS_0241	143537	144502	+	Ef-P16-208	-3355618.4810337457	No_MMseqs	No_MMseqs	No_MMseqs	No_MMseqs	No_MMseqs_PHROG_hit	559	256.761566	1.0051584255614615e-75	No_custom_HMM	No_custom_HMM	No_custom_HMM	559	PHANOTATE_1.5.1	CDS	#ffdf59	HNH endonuclease	DNA, RNA and nucleotide metabolism	None	None	None	None	None	None	None	None	None	None	None	None	None	None	None	None	None	None	None	11
Ef-P16-208_CDS_0242	144628	144479	-	Ef-P16-208	-0.1256515615984627	No_MMseqs	No_MMseqs	No_MMseqs	No_MMseqs	No_MMseqs_PHROG_hit	No_PHROGs_HMM	No_PHROGs_HMM	No_PHROGs_HMM	No_custom_HMM	No_custom_HMM	No_custom_HMM	No_PHROGs_HMM	PHANOTATE_1.5.1	CDS	None	hypothetical protein	unknown function	None	None	None	None	None	None	None	None	None	None	None	None	None	None	None	None	None	None	None	11
Ef-P16-208_CDS_0243	144665	144784	+	Ef-P16-208	-0.1576894015555401	No_MMseqs	No_MMseqs	No_MMseqs	No_MMseqs	No_MMseqs_PHROG_hit	No_PHROGs_HMM	No_PHROGs_HMM	No_PHROGs_HMM	No_custom_HMM	No_custom_HMM	No_custom_HMM	No_PHROGs_HMM	PHANOTATE_1.5.1	CDS	None	hypothetical protein	unknown function	None	None	None	None	None	None	None	None	None	None	None	None	None	None	None	None	None	None	None	11
Ef-P16-208_CDS_0244	145038	144892	-	Ef-P16-208	-2.5085295290737384	No_MMseqs	No_MMseqs	No_MMseqs	No_MMseqs	No_MMseqs_PHROG_hit	No_PHROGs_HMM	No_PHROGs_HMM	No_PHROGs_HMM	No_custom_HMM	No_custom_HMM	No_custom_HMM	No_PHROGs_HMM	PHANOTATE_1.5.1	CDS	None	hypothetical protein	unknown function	None	None	None	None	None	None	None	None	None	None	None	None	None	None	None	None	None	None	None	11
